[
  {
    "pk": 101,
    "model": "accounts.user",
    "fields": {
      "groups": [
      ],
      "date_joined": "2015-01-13T08:24:26.031Z",
      "is_superuser": false,
      "last_login": "2015-01-13T08:24:26.047Z",
      "user_permissions": [],
      "password": "",
      "email": "foo@bar.com",
      "firstname": "Foo",
      "lastname": "Bar"
    }
  },
  {
    "pk": 102,
    "model": "accounts.user",
    "fields": {
      "groups": [
      ],
      "date_joined": "2015-01-13T08:24:26.031Z",
      "is_superuser": false,
      "last_login": "2015-01-13T08:24:26.047Z",
      "user_permissions": [],
      "password": "",
      "email": "faz@taz.com",
      "firstname": "Faz",
      "lastname": "Taz"
    }
  },
  {
    "pk": 103,
    "model": "accounts.user",
    "fields": {
      "groups": [
        3
      ],
      "date_joined": "2015-01-13T08:24:26.031Z",
      "is_superuser": false,
      "last_login": "2015-01-13T08:24:26.047Z",
      "user_permissions": [],
      "password": "",
      "email": "reviewer@asdf.com",
      "firstname": "Reviewer",
      "lastname": "Reviewer"
    }
  },
  {
    "pk": 104,
    "model": "accounts.user",
    "fields": {
      "groups": [
        4
      ],
      "date_joined": "2015-01-13T08:24:26.031Z",
      "is_superuser": false,
      "last_login": "2015-01-13T08:24:26.047Z",
      "user_permissions": [],
      "password": "",
      "email": "publisher@asdf.com",
      "firstname": "Publisher",
      "lastname": "Publisher"
    }
  },
  {
    "pk": 105,
    "model": "accounts.user",
    "fields": {
      "groups": [
        3,
        4
      ],
      "date_joined": "2015-01-13T08:24:26.031Z",
      "is_superuser": false,
      "last_login": "2015-01-13T08:24:26.047Z",
      "user_permissions": [],
      "password": "",
      "email": "mod@asdf.com",
      "firstname": "Mod",
      "lastname": "Mod"
    }
  },
  {
    "pk": 106,
    "model": "accounts.user",
    "fields": {
      "groups": [
      ],
      "date_joined": "2015-01-13T08:24:26.031Z",
      "is_superuser": false,
      "last_login": "2015-01-13T08:24:26.047Z",
      "user_permissions": [],
      "password": "",
      "email": "taz@asdf.com",
      "firstname": "Taz",
      "lastname": "Taz"
    }
  },
  {
    "pk": 107,
    "model": "accounts.user",
    "fields": {
      "groups": [
        5
      ],
      "date_joined": "2015-01-13T08:24:26.031Z",
      "is_superuser": false,
      "last_login": "2015-01-13T08:24:26.047Z",
      "user_permissions": [],
      "password": "",
      "email": "sec@asdf.com",
      "firstname": "Sec",
      "lastname": "Sec"
    }
  },
  {
    "model": "questionnaire.questionnaire",
    "pk": 1,
    "fields": {
      "uuid": "edb16da2-83fe-4e08-bd48-5f7a74024b01",
      "data": {
        "qg_19": [
          {
            "key_5": {
              "en": "Faz 1"
            }
          }
        ],
        "qg_3": [
          {}
        ],
        "qg_1": [
          {
            "key_3": {
              "en": "Bar"
            },
            "key_1": {
              "en": "Foo 1"
            }
          }
        ],
        "qg_2": [
          {}
        ],
        "qg_11": [
          {
            "key_14": [
              "value_14_1"
            ]
          }
        ],
        "qg_name": [
          {
            "name": {"en": "terrace"}
          }
        ]
      },
      "code": "sample_1",
      "status": 1,
      "version": 1,
      "created": "2014-12-31T23:59:59.000Z",
      "updated": "2014-12-31T23:59:59.000Z",
      "configuration": 11002
    }
  },
  {
    "pk": 1011,
    "fields": {
      "questionnaire": 1,
      "original_language": true,
      "language": "en"
    },
    "model": "questionnaire.questionnairetranslation"
  },
  {
    "pk": 2011,
    "fields": {
      "questionnaire": 1,
      "user": 101,
      "role": "compiler"
    },
    "model": "questionnaire.questionnairemembership"
  },
  {
    "model": "questionnaire.questionnaire",
    "pk": 2,
    "fields": {
      "uuid": "edb16da2-83fe-4e08-bd48-5f7a74024b02",
      "data": {
        "qg_19": [
          {
            "key_5": {
              "en": "Faz 2"
            }
          }
        ],
        "qg_3": [
          {}
        ],
        "qg_1": [
          {
            "key_3": {
              "en": "Bar"
            },
            "key_1": {
              "en": "Foo 2"
            }
          }
        ],
        "qg_2": [
          {}
        ],
        "qg_11": [
          {
            "key_14": [
              "value_14_2"
            ]
          }
        ]
      },
      "code": "sample_2",
      "status": 2,
      "version": 1,
      "created": "2014-12-31T23:59:00.000Z",
      "updated": "2014-12-31T23:59:00.000Z",
      "configuration": 11002
    }
  },
  {
    "pk": 1021,
    "fields": {
      "questionnaire": 2,
      "original_language": true,
      "language": "en"
    },
    "model": "questionnaire.questionnairetranslation"
  },
  {
    "pk": 2021,
    "fields": {
      "questionnaire": 2,
      "user": 102,
      "role": "compiler"
    },
    "model": "questionnaire.questionnairemembership"
  },
  {
    "model": "questionnaire.questionnaire",
    "pk": 3,
    "fields": {
      "uuid": "edb16da2-83fe-4e08-bd48-5f7a74024b03",
      "data": {
        "qg_19": [
          {
            "key_5": {
              "en": "Faz 3"
            }
          }
        ],
        "qg_3": [
          {}
        ],
        "qg_1": [
          {
            "key_3": {
              "en": "Bar"
            },
            "key_1": {
              "en": "Foo 3"
            }
          }
        ],
        "qg_2": [
          {
            "key_2": {
              "en": "Spam 3"
            },
            "key_3": {
              "en": "Taz 3"
            }
          }
        ],
        "qg_11": [
          {
            "key_14": [
              "value_14_3"
            ]
          }
        ],
        "qg_5": [
          {
            "key_7": {
              "en": "FazTaz 3"
            }
          }
        ]
      },
      "code": "sample_3",
      "status": 4,
      "version": 1,
      "created": "2014-12-31T23:58:00.000Z",
      "updated": "2014-12-31T23:58:00.000Z",
      "configuration": 11002
    }
  },
  {
    "pk": 1031,
    "fields": {
      "questionnaire": 3,
      "original_language": true,
      "language": "en"
    },
    "model": "questionnaire.questionnairetranslation"
  },
  {
    "pk": 2031,
    "fields": {
      "questionnaire": 3,
      "user": 102,
      "role": "editor"
    },
    "model": "questionnaire.questionnairemembership"
  },
  {
    "pk": 2032,
    "fields": {
      "questionnaire": 3,
      "user": 101,
      "role": "compiler"
    },
    "model": "questionnaire.questionnairemembership"
  },
  {
    "model": "questionnaire.questionnaire",
    "pk": 4,
    "fields": {
      "uuid": "edb16da2-83fe-4e08-bd48-5f7a74024b04",
      "data": {
        "qg_19": [
          {
            "key_5": {
              "en": "Faz 4"
            }
          }
        ],
        "qg_3": [
          {}
        ],
        "qg_1": [
          {
            "key_3": {
              "en": "Bar"
            },
            "key_1": {
              "en": "Foo 4"
            }
          }
        ],
        "qg_2": [
          {}
        ],
        "qg_11": [
          {
            "key_14": [
              "value_14_1",
              "value_14_3"
            ]
          }
        ]
      },
      "code": "sample_4",
      "status": 5,
      "version": 1,
      "created": "2014-12-31T23:57:00.000Z",
      "updated": "2014-12-31T23:57:00.000Z",
      "configuration": 11002
    }
  },
  {
    "pk": 1041,
    "fields": {
      "questionnaire": 4,
      "original_language": true,
      "language": "en"
    },
    "model": "questionnaire.questionnairetranslation"
  },
  {
    "pk": 1041,
    "fields": {
      "questionnaire": 4,
      "original_language": true,
      "language": "en"
    },
    "model": "questionnaire.questionnairetranslation"
  },
  {
    "pk": 1042,
    "fields": {
      "questionnaire": 4,
      "original_language": false,
      "language": "es"
    },
    "model": "questionnaire.questionnairetranslation"
  },
  {
    "pk": 2041,
    "fields": {
      "questionnaire": 4,
      "user": 101,
      "role": "compiler"
    },
    "model": "questionnaire.questionnairemembership"
  },
  {
    "model": "questionnaire.questionnaire",
    "pk": 5,
    "fields": {
      "uuid": "edb16da2-83fe-4e08-bd48-5f7a74024b05",
      "data": {
        "qg_19": [
          {
            "key_5": {
              "en": "Faz Five"
            }
          }
        ],
        "qg_3": [
          {}
        ],
        "qg_1": [
          {
            "key_3": {
              "en": "Bar"
            },
            "key_1": {
              "en": "Foo Five"
            }
          }
        ],
        "qg_2": [
          {}
        ],
        "qg_11": [
          {
            "key_14": [
              "value_14_1",
              "value_14_3"
            ]
          }
        ]
      },
      "code": "sample_5",
      "status": 6,
      "version": 1,
      "created": "2014-12-31T23:56:00.000Z",
      "updated": "2014-12-31T23:56:00.000Z",
      "configuration": 11002
    }
  },
  {
    "pk": 1051,
    "fields": {
      "questionnaire": 5,
      "original_language": true,
      "language": "en"
    },
    "model": "questionnaire.questionnairetranslation"
  },
  {
    "pk": 2051,
    "fields": {
      "questionnaire": 5,
      "user": 101,
      "role": "compiler"
    },
    "model": "questionnaire.questionnairemembership"
  },
  {
    "model": "questionnaire.questionnaire",
    "pk": 6,
    "fields": {
      "uuid": "edb16da2-83fe-4e08-bd48-5f7a74024b05",
      "data": {
        "qg_19": [
          {
            "key_5": {
              "en": "Faz 5"
            }
          }
        ],
        "qg_3": [
          {}
        ],
        "qg_1": [
          {
            "key_3": {
              "en": "Bar"
            },
            "key_1": {
              "en": "Foo 5"
            }
          }
        ],
        "qg_2": [
          {}
        ],
        "qg_11": [
          {
            "key_14": [
              "value_14_1",
              "value_14_3"
            ]
          }
        ]
      },
      "code": "sample_5",
      "status": 4,
      "version": 2,
      "created": "2014-12-31T23:56:30.000Z",
      "updated": "2014-12-31T23:56:30.000Z",
      "configuration": 11002
    }
  },
  {
    "pk": 1061,
    "fields": {
      "questionnaire": 6,
      "original_language": true,
      "language": "en"
    },
    "model": "questionnaire.questionnairetranslation"
  },
  {
    "pk": 2061,
    "fields": {
      "questionnaire": 6,
      "user": 101,
      "role": "compiler"
    },
    "model": "questionnaire.questionnairemembership"
  },
  {
    "model": "questionnaire.questionnaire",
    "pk": 7,
    "fields": {
      "uuid": "edb16da2-83fe-4e08-bd48-5f7a74024b05",
      "data": {
        "qg_19": [
          {
            "key_5": {
              "en": "Faz 6"
            }
          }
        ],
        "qg_3": [
          {}
        ],
        "qg_1": [
          {
            "key_3": {
              "en": "Bar"
            },
            "key_1": {
              "en": "Foo 6"
            }
          }
        ],
        "qg_2": [
          {}
        ],
        "qg_11": [
          {
            "key_14": [
              "value_14_1",
              "value_14_3"
            ]
          }
        ]
      },
      "code": "sample_6",
      "status": 1,
      "version": 1,
      "created": "2014-12-31T23:54:00.000Z",
      "updated": "2014-12-31T23:54:00.000Z",
      "configuration": 11002
    }
  },
  {
    "pk": 1071,
    "fields": {
      "questionnaire": 7,
      "original_language": true,
      "language": "en"
    },
    "model": "questionnaire.questionnairetranslation"
  },
  {
    "pk": 2071,
    "fields": {
      "questionnaire": 7,
      "user": 103,
      "role": "compiler"
    },
    "model": "questionnaire.questionnairemembership"
  },
  {
    "model": "questionnaire.questionnaire",
    "pk": 8,
    "fields": {
      "uuid": "edb16da2-83fe-4e08-bd48-5f7a74024b05",
      "data": {
        "qg_19": [
          {
            "key_5": {
              "en": "Faz 7"
            }
          }
        ],
        "qg_3": [
          {}
        ],
        "qg_1": [
          {
            "key_3": {
              "en": "Bar"
            },
            "key_1": {
              "en": "Foo 7"
            }
          }
        ],
        "qg_2": [
          {}
        ],
        "qg_11": [
          {
            "key_14": [
              "value_14_1",
              "value_14_3"
            ]
          }
        ]
      },
      "code": "sample_7",
      "status": 3,
      "version": 1,
      "created": "2014-12-31T23:53:00.000Z",
      "updated": "2014-12-31T23:53:00.000Z",
      "configuration": 11002
    }
  },
  {
    "pk": 1081,
    "fields": {
      "questionnaire": 8,
      "original_language": true,
      "language": "en"
    },
    "model": "questionnaire.questionnairetranslation"
  },
  {
    "pk": 2081,
    "fields": {
      "questionnaire": 8,
      "user": 101,
      "role": "compiler"
    },
    "model": "questionnaire.questionnairemembership"
  },
  {
    "model": "questionnaire.questionnaire",
    "pk": 9,
    "fields": {
      "uuid": "edb16da2-83fe-4e08-bd48-5f7a74024b05",
      "data": {
        "qg_19": [
          {
            "key_5": {
              "en": "Faz 8"
            }
          }
        ],
        "qg_3": [
          {}
        ],
        "qg_1": [
          {
            "key_3": {
              "en": "Bar"
            },
            "key_1": {
              "en": "Foo 8"
            }
          }
        ],
        "qg_2": [
          {}
        ],
        "qg_11": [
          {
            "key_14": [
              "value_14_1",
              "value_14_3"
            ]
          }
        ]
      },
      "code": "sample_8",
      "status": 2,
      "version": 1,
      "created": "2014-12-31T23:52:00.000Z",
      "updated": "2014-12-31T23:52:00.000Z",
      "configuration": 11002
    }
  },
  {
    "pk": 1091,
    "fields": {
      "questionnaire": 9,
      "original_language": true,
      "language": "en"
    },
    "model": "questionnaire.questionnairetranslation"
  },
  {
    "pk": 2091,
    "fields": {
      "questionnaire": 9,
      "user": 101,
      "role": "compiler"
    },
    "model": "questionnaire.questionnairemembership"
  },
  {
    "pk": 2092,
    "fields": {
      "questionnaire": 9,
      "user": 102,
      "role": "reviewer"
    },
    "model": "questionnaire.questionnairemembership"
  },
  {
    "model": "questionnaire.questionnaire",
    "pk": 10,
    "fields": {
      "uuid": "edb16da2-83fe-4e08-bd48-5f7a74024b05",
      "data": {
        "qg_19": [
          {
            "key_5": {
              "en": "Faz 9"
            }
          }
        ],
        "qg_3": [
          {}
        ],
        "qg_1": [
          {
            "key_3": {
              "en": "Bar"
            },
            "key_1": {
              "en": "Foo 9"
            }
          }
        ],
        "qg_2": [
          {}
        ],
        "qg_11": [
          {
            "key_14": [
              "value_14_1",
              "value_14_3"
            ]
          }
        ]
      },
      "code": "sample_9",
      "status": 3,
      "version": 1,
      "created": "2014-12-31T23:51:00.000Z",
      "updated": "2014-12-31T23:51:00.000Z",
      "configuration": 11002
    }
  },
  {
    "pk": 1101,
    "fields": {
      "questionnaire": 10,
      "original_language": true,
      "language": "en"
    },
    "model": "questionnaire.questionnairetranslation"
  },
  {
    "pk": 2101,
    "fields": {
      "questionnaire": 10,
      "user": 101,
      "role": "compiler"
    },
    "model": "questionnaire.questionnairemembership"
  },
  {
    "pk": 2102,
    "fields": {
      "questionnaire": 10,
      "user": 106,
      "role": "publisher"
    },
    "model": "questionnaire.questionnairemembership"
  }
]
