[
{
    "fields": {
        "translation_type": "key",
        "data": "{\"label\":{\"en\": \"Key 1\", \"es\": \"Clave 1\"}}"
    },
    "model": "configuration.translation",
    "pk": 1
},
{
    "fields": {
        "translation_type": "key",
        "data": "{\"label\":{\"en\": \"Key 2\", \"es\": \"Clave 2\"}}"
    },
    "model": "configuration.translation",
    "pk": 2
},
{
    "fields": {
        "translation_type": "key",
        "data": "{\"label\":{\"en\": \"Key 3\", \"es\": \"Clave 3\"}}"
    },
    "model": "configuration.translation",
    "pk": 3
},
{
    "fields": {
        "translation_type": "key",
        "data": "{\"label\":{\"en\": \"Key 4\", \"es\": \"Clave 4\"}}"
    },
    "model": "configuration.translation",
    "pk": 4
},
{
    "fields": {
        "translation_type": "key",
        "data": "{\"label\":{\"en\": \"Key 5\", \"es\": \"Clave 5\"}}"
    },
    "model": "configuration.translation",
    "pk": 5
},
{
    "fields": {
        "translation_type": "key",
        "data": "{\"label\":{\"en\": \"Key 6\", \"es\": \"Clave 6\"}}"
    },
    "model": "configuration.translation",
    "pk": 6
},
{
    "fields": {
        "translation_type": "key",
        "data": "{\"label\":{\"en\": \"Key 7\", \"es\": \"Clave 7\"}}"
    },
    "model": "configuration.translation",
    "pk": 7
},
{
    "fields": {
        "translation_type": "key",
        "data": "{\"label\":{\"en\": \"Key 8\", \"es\": \"Clave 8\"}}"
    },
    "model": "configuration.translation",
    "pk": 8
},
{
    "fields": {
        "translation_type": "key",
        "data": "{\"label\":{\"en\": \"Key 9\", \"es\": \"Clave 9\"}}"
    },
    "model": "configuration.translation",
    "pk": 9
},
{
    "fields": {
        "translation_type": "key",
        "data": "{\"label\":{\"en\": \"Key 10\", \"es\": \"Clave 10\"}}"
    },
    "model": "configuration.translation",
    "pk": 10
},
{
    "fields": {
        "translation_type": "key",
        "data": "{\"label\":{\"en\": \"Key 11\", \"es\": \"Clave 11\"}}"
    },
    "model": "configuration.translation",
    "pk": 11
},
{
    "fields": {
        "translation_type": "key",
        "data": "{\"label\":{\"en\": \"Key 12\", \"es\": \"Clave 12\"}}"
    },
    "model": "configuration.translation",
    "pk": 12
},
{
    "fields": {
        "translation_type": "key",
        "data": "{\"label\":{\"en\": \"Key 13\", \"es\": \"Clave 13\"}}"
    },
    "model": "configuration.translation",
    "pk": 13
},
{
    "fields": {
        "translation_type": "key",
        "data": "{\"label\":{\"en\": \"Key 14\", \"es\": \"Clave 14\"}}"
    },
    "model": "configuration.translation",
    "pk": 14
},
{
    "fields": {
        "translation_type": "key",
        "data": "{\"label\":{\"en\": \"Key 15\", \"es\": \"Clave 15\"}}"
    },
    "model": "configuration.translation",
    "pk": 15
},
{
    "fields": {
        "translation_type": "key",
        "data": "{\"label\":{\"en\": \"Key 16\", \"es\": \"Clave 16\"}}"
    },
    "model": "configuration.translation",
    "pk": 16
},
{
    "fields": {
        "translation_type": "key",
        "data": "{\"label\":{\"en\": \"Key 17\", \"es\": \"Clave 17\"}}"
    },
    "model": "configuration.translation",
    "pk": 17
},
{
    "fields": {
        "translation_type": "key",
        "data": "{\"label\":{\"en\": \"Key 18\", \"es\": \"Clave 18\"}}"
    },
    "model": "configuration.translation",
    "pk": 18
},


{
    "fields": {
        "translation_type": "category",
        "data": "{\"label\":{\"en\": \"Category 1\", \"es\": \"Categoría 1\"}}"
    },
    "model": "configuration.translation",
    "pk": 101
},
{
    "fields": {
        "translation_type": "category",
        "data": "{\"label\":{\"en\": \"Category 2\", \"es\": \"Categoría 2\"}}"
    },
    "model": "configuration.translation",
    "pk": 102
},
{
    "fields": {
        "translation_type": "category",
        "data": "{\"label\":{\"en\": \"Category 3\", \"es\": \"Categoría 3\"}}"
    },
    "model": "configuration.translation",
    "pk": 103
},
{
    "fields": {
        "translation_type": "category",
        "data": "{\"label\":{\"en\": \"Category 4\", \"es\": \"Categoría 4\"}}"
    },
    "model": "configuration.translation",
    "pk": 104
},
{
    "fields": {
        "translation_type": "category",
        "data": "{\"label\":{\"en\": \"Subcategory 1_1\", \"es\": \"Subcategoría 1_1\"}}"
    },
    "model": "configuration.translation",
    "pk": 111
},
{
    "fields": {
        "translation_type": "category",
        "data": "{\"label\":{\"en\": \"Subcategory 1_2\", \"es\": \"Subcategoría 1_2\"}}"
    },
    "model": "configuration.translation",
    "pk": 112
},
{
    "fields": {
        "translation_type": "category",
        "data": "{\"label\":{\"en\": \"Subcategory 2_1\", \"es\": \"Subcategoría 2_1\"}}"
    },
    "model": "configuration.translation",
    "pk": 113
},
{
    "fields": {
        "translation_type": "category",
        "data": "{\"label\":{\"en\": \"Subcategory 2_2\", \"es\": \"Subcategoría 2_2\"}}"
    },
    "model": "configuration.translation",
    "pk": 114
},
{
    "fields": {
        "translation_type": "category",
        "data": "{\"label\":{\"en\": \"Subcategory 3_1\", \"es\": \"Subcategoría 3_1\"}}"
    },
    "model": "configuration.translation",
    "pk": 115
},
{
    "fields": {
        "translation_type": "category",
        "data": "{\"label\":{\"en\": \"Subcategory 3_2\", \"es\": \"Subcategoría 3_2\"}}"
    },
    "model": "configuration.translation",
    "pk": 116
},
{
    "fields": {
        "translation_type": "category",
        "data": "{\"label\":{\"en\": \"Subcategory 4_1\", \"es\": \"Subcategoría 4_1\"}}"
    },
    "model": "configuration.translation",
    "pk": 117
},
{
    "fields": {
        "translation_type": "category",
        "data": "{\"label\":{\"en\": \"Subcategory 4_2\", \"es\": \"Subcategoría 4_2\"}}"
    },
    "model": "configuration.translation",
    "pk": 118
},
{
    "fields": {
        "translation_type": "questiongroup",
        "data": "{\"helptext\":{\"en\":\"Helptext 1\",\"es\":\"Texto de ayuda\"}}"
    },
    "model": "configuration.translation",
    "pk": 201
},

{
    "fields": {
        "translation_type": "value",
        "data": "{\"label\":{\"en\": \"Value 1\", \"es\": \"Valor 1\"}}"
    },
    "model": "configuration.translation",
    "pk": 301
},
{
    "fields": {
        "translation_type": "value",
        "data": "{\"label\":{\"en\": \"Value 2\", \"es\": \"Valor 2\"}}"
    },
    "model": "configuration.translation",
    "pk": 302
},
{
    "fields": {
        "translation_type": "value",
        "data": "{\"label\":{\"en\": \"Value 3\", \"es\": \"Valor 3\"}}"
    },
    "model": "configuration.translation",
    "pk": 303
},
{
    "fields": {
        "translation_type": "value",
        "data": "{\"label\":{\"en\": \"Value 13_1\", \"es\": \"Valor 13_1\"}}"
    },
    "model": "configuration.translation",
    "pk": 304
},
{
    "fields": {
        "translation_type": "value",
        "data": "{\"label\":{\"en\": \"Value 13_2\", \"es\": \"Valor 13_2\"}}"
    },
    "model": "configuration.translation",
    "pk": 305
},
{
    "fields": {
        "translation_type": "value",
        "data": "{\"label\":{\"en\": \"Value 13_3\", \"es\": \"Valor 13_3\"}}"
    },
    "model": "configuration.translation",
    "pk": 306
},
{
    "fields": {
        "translation_type": "value",
        "data": "{\"label\":{\"en\": \"Value 13_4\", \"es\": \"Valor 13_4\"}}"
    },
    "model": "configuration.translation",
    "pk": 307
},
{
    "fields": {
        "translation_type": "value",
        "data": "{\"label\":{\"en\": \"Value 13_5\", \"es\": \"Valor 13_5\"}}"
    },
    "model": "configuration.translation",
    "pk": 308
},
{
    "fields": {
        "translation_type": "value",
        "data": "{\"label\":{\"en\":\"Value 14_1\",\"es\":\"Valor 14_1\"}}"
    },
    "model": "configuration.translation",
    "pk": 309
},
{
    "fields": {
        "translation_type": "value",
        "data": "{\"label\":{\"en\": \"Value 14_2\", \"es\": \"Valor 14_2\"}}"
    },
    "model": "configuration.translation",
    "pk": 310
},
{
    "fields": {
        "translation_type": "value",
        "data": "{\"label\":{\"en\": \"Value 14_3\", \"es\": \"Valor 14_3\"}}"
    },
    "model": "configuration.translation",
    "pk": 311
},
{
    "fields": {
        "translation_type": "value",
        "data": "{\"label\":{\"en\":\"Value 15_1\",\"es\":\"Valor 15_1\"}}"
    },
    "model": "configuration.translation",
    "pk": 312
},
{
    "fields": {
        "translation_type": "value",
        "data": "{\"label\":{\"en\": \"Value 15_2\", \"es\": \"Valor 15_2\"}}"
    },
    "model": "configuration.translation",
    "pk": 313
},
{
    "fields": {
        "translation_type": "value",
        "data": "{\"label\":{\"en\": \"Value 15_3\", \"es\": \"Valor 15_3\"}}"
    },
    "model": "configuration.translation",
    "pk": 314
},
{
    "fields": {
        "translation_type": "value",
        "data": "{\"label\":{\"en\":\"Value 16_1\",\"es\":\"Valor 16_1\"}}"
    },
    "model": "configuration.translation",
    "pk": 315
},
{
    "fields": {
        "translation_type": "value",
        "data": "{\"label\":{\"en\": \"Value 16_2\", \"es\": \"Valor 16_2\"}}"
    },
    "model": "configuration.translation",
    "pk": 316
},
{
    "fields": {
        "translation_type": "value",
        "data": "{\"label\":{\"en\": \"Value 16_3\", \"es\": \"Valor 16_3\"}}"
    },
    "model": "configuration.translation",
    "pk": 317
},

{
    "fields": {
        "keyword": "key_1",
        "translation": 1,
        "configuration": "{\"type\": \"char\", \"form_template\": \"inline_2\"}"
    },
    "model": "configuration.key",
    "pk": 1
},
{
    "fields": {
        "keyword": "key_2",
        "translation": 2,
        "configuration": "{\"type\": \"text\"}"
    },
    "model": "configuration.key",
    "pk": 2
},
{
    "fields": {
        "keyword": "key_3",
        "translation": 3,
        "configuration": "{\"type\": \"char\"}"
    },
    "model": "configuration.key",
    "pk": 3
},
{
    "fields": {
        "keyword": "key_4",
        "translation": 4,
        "configuration": "{\"type\": \"char\"}"
    },
    "model": "configuration.key",
    "pk": 4
},
{
    "fields": {
        "keyword": "key_5",
        "translation": 5,
        "configuration": "{\"type\": \"text\"}"
    },
    "model": "configuration.key",
    "pk": 5
},
{
    "fields": {
        "keyword": "key_6",
        "translation": 6,
        "configuration": "{\"type\": \"text\"}"
    },
    "model": "configuration.key",
    "pk": 6
},
{
    "fields": {
        "keyword": "key_7",
        "translation": 7,
        "configuration": "{\"type\": \"char\"}"
    },
    "model": "configuration.key",
    "pk": 7
},
{
    "fields": {
        "keyword": "key_8",
        "translation": 8,
        "configuration": "{\"type\": \"char\"}"
    },
    "model": "configuration.key",
    "pk": 8
},
{
    "fields": {
        "keyword": "key_9",
        "translation": 9,
        "configuration": "{\"type\": \"char\"}"
    },
    "model": "configuration.key",
    "pk": 9
},
{
    "fields": {
        "keyword": "key_10",
        "translation": 10,
        "configuration": "{\"type\": \"char\"}"
    },
    "model": "configuration.key",
    "pk": 10
},
{
    "fields": {
        "keyword": "key_11",
        "translation": 11,
        "configuration": "{\"type\": \"bool\"}"
    },
    "model": "configuration.key",
    "pk": 11
},
{
    "fields": {
        "keyword": "key_12",
        "translation": 12,
        "configuration": "{\"type\": \"measure\"}",
        "values": [1, 2, 3]
    },
    "model": "configuration.key",
    "pk": 12
},
{
    "fields": {
        "keyword": "key_13",
        "translation": 13,
        "configuration": "{\"type\": \"checkbox\"}",
        "values": [4, 5, 6, 7, 8]
    },
    "model": "configuration.key",
    "pk": 13
},
{
    "fields": {
        "keyword": "key_14",
        "translation": 14,
        "configuration": "{\"type\": \"image_checkbox\"}",
        "values": [9, 10, 11]
    },
    "model": "configuration.key",
    "pk": 14
},
{
    "fields": {
        "keyword": "key_15",
        "translation": 15,
        "configuration": "{\"type\": \"image_checkbox\"}",
        "values": [12, 13, 14]
    },
    "model": "configuration.key",
    "pk": 15
},
{
    "fields": {
        "keyword": "key_16",
        "translation": 16,
        "configuration": "{\"type\": \"image_checkbox\"}",
        "values": [15, 16, 17]
    },
    "model": "configuration.key",
    "pk": 16
},
{
    "fields": {
        "keyword": "key_17",
        "translation": 17,
        "configuration": "{\"type\": \"char\"}"
    },
    "model": "configuration.key",
    "pk": 17
},
{
    "fields": {
        "keyword": "key_18",
        "translation": 18,
        "configuration": "{\"type\": \"text\"}"
    },
    "model": "configuration.key",
    "pk": 18
},

{
    "fields": {
        "keyword": "value_1",
        "translation": 301
    },
    "model": "configuration.value",
    "pk": 1
},
{
    "fields": {
        "keyword": "value_2",
        "translation": 302
    },
    "model": "configuration.value",
    "pk": 2
},
{
    "fields": {
        "keyword": "value_3",
        "translation": 303
    },
    "model": "configuration.value",
    "pk": 3
},
{
    "fields": {
        "keyword": "value_13_1",
        "translation": 304
    },
    "model": "configuration.value",
    "pk": 4
},
{
    "fields": {
        "keyword": "value_13_2",
        "translation": 305
    },
    "model": "configuration.value",
    "pk": 5
},
{
    "fields": {
        "keyword": "value_13_3",
        "translation": 306
    },
    "model": "configuration.value",
    "pk": 6
},
{
    "fields": {
        "keyword": "value_13_4",
        "translation": 307
    },
    "model": "configuration.value",
    "pk": 7
},
{
    "fields": {
        "keyword": "value_13_5",
        "translation": 308
    },
    "model": "configuration.value",
    "pk": 8
},
{
    "fields": {
        "keyword": "value_14_1",
        "translation": 309,
        "configuration": "{\"image_name\":\"landuse_01.png\"}"
    },
    "model": "configuration.value",
    "pk": 9
},
{
    "fields": {
        "keyword": "value_14_2",
        "translation": 310,
        "configuration": "{\"image_name\":\"landuse_02.png\"}"
    },
    "model": "configuration.value",
    "pk": 10
},
{
    "fields": {
        "keyword": "value_14_3",
        "translation": 311,
        "configuration": "{\"image_name\":\"landuse_03.png\"}"
    },
    "model": "configuration.value",
    "pk": 11
},
{
    "fields": {
        "keyword": "value_15_1",
        "translation": 312,
        "configuration": "{\"image_name\":\"landuse_04.png\"}"
    },
    "model": "configuration.value",
    "pk": 12
},
{
    "fields": {
        "keyword": "value_15_2",
        "translation": 313,
        "configuration": "{\"image_name\":\"landuse_05.png\"}"
    },
    "model": "configuration.value",
    "pk": 13
},
{
    "fields": {
        "keyword": "value_15_3",
        "translation": 314,
        "configuration": "{\"image_name\":\"landuse_06.png\"}"
    },
    "model": "configuration.value",
    "pk": 14
},
{
    "fields": {
        "keyword": "value_16_1",
        "translation": 315,
        "configuration": "{\"image_name\":\"landuse_07.png\"}"
    },
    "model": "configuration.value",
    "pk": 15
},
{
    "fields": {
        "keyword": "value_16_2",
        "translation": 316,
        "configuration": "{\"image_name\":\"landuse_08.png\"}"
    },
    "model": "configuration.value",
    "pk": 16
},
{
    "fields": {
        "keyword": "value_16_3",
        "translation": 317,
        "configuration": "{\"image_name\":\"landuse_09.png\"}"
    },
    "model": "configuration.value",
    "pk": 17
},

{
    "fields": {
        "keyword": "cat_1",
        "translation": 101
    },
    "model": "configuration.category",
    "pk": 1
},
{
    "fields": {
        "keyword": "cat_2",
        "translation": 102
    },
    "model": "configuration.category",
    "pk": 2
},
{
    "fields": {
        "keyword": "cat_3",
        "translation": 103
    },
    "model": "configuration.category",
    "pk": 3
},
{
    "fields": {
        "keyword": "cat_4",
        "translation": 104
    },
    "model": "configuration.category",
    "pk": 4
},
{
    "fields": {
        "keyword": "subcat_1_1",
        "translation": 111
    },
    "model": "configuration.category",
    "pk": 11
},
{
    "fields": {
        "keyword": "subcat_1_2",
        "translation": 112
    },
    "model": "configuration.category",
    "pk": 12
},
{
    "fields": {
        "keyword": "subcat_2_1",
        "translation": 113
    },
    "model": "configuration.category",
    "pk": 13
},
{
    "fields": {
        "keyword": "subcat_2_2",
        "translation": 114
    },
    "model": "configuration.category",
    "pk": 14
},
{
    "fields": {
        "keyword": "subcat_3_1",
        "translation": 115
    },
    "model": "configuration.category",
    "pk": 15
},
{
    "fields": {
        "keyword": "subcat_3_2",
        "translation": 116
    },
    "model": "configuration.category",
    "pk": 16
},
{
    "fields": {
        "keyword": "subcat_4_1",
        "translation": 117
    },
    "model": "configuration.category",
    "pk": 17
},
{
    "fields": {
        "keyword": "subcat_4_2",
        "translation": 118
    },
    "model": "configuration.category",
    "pk": 18
},

{
    "fields": {
        "keyword": "qg_1",
        "translation": null,
        "configuration": "{}"
    },
    "model": "configuration.questiongroup",
    "pk": 1
},
{
    "fields": {
        "keyword": "qg_2",
        "translation": null,
        "configuration": "{}"
    },
    "model": "configuration.questiongroup",
    "pk": 2
},
{
    "fields": {
        "keyword": "qg_3",
        "translation": null,
        "configuration": "{}"
    },
    "model": "configuration.questiongroup",
    "pk": 3
},
{
    "fields": {
        "keyword": "qg_4",
        "translation": null,
        "configuration": "{\"max_num\":2}"
    },
    "model": "configuration.questiongroup",
    "pk": 4
},
{
    "fields": {
        "keyword": "qg_5",
        "translation": 201,
        "configuration": "{}"
    },
    "model": "configuration.questiongroup",
    "pk": 5
},
{
    "fields": {
        "keyword": "qg_6",
        "translation": null,
        "configuration": "{\"max_num\":3}"
    },
    "model": "configuration.questiongroup",
    "pk": 6
},
{
    "fields": {
        "keyword": "qg_7",
        "translation": null,
        "configuration": "{\"min_num\":2}"
    },
    "model": "configuration.questiongroup",
    "pk": 7
},
{
    "fields": {
        "keyword": "qg_8",
        "translation": null,
        "configuration": "{}"
    },
    "model": "configuration.questiongroup",
    "pk": 8
},
{
    "fields": {
        "keyword": "qg_9",
        "translation": null,
        "configuration": "{}"
    },
    "model": "configuration.questiongroup",
    "pk": 9
},
{
    "fields": {
        "keyword": "qg_10",
        "translation": null,
        "configuration": "{}"
    },
    "model": "configuration.questiongroup",
    "pk": 10
},
{
    "fields": {
        "keyword": "qg_11",
        "translation": null,
        "configuration": "{}"
    },
    "model": "configuration.questiongroup",
    "pk": 11
},
{
    "fields": {
        "keyword": "qg_12",
        "translation": null,
        "configuration": "{}"
    },
    "model": "configuration.questiongroup",
    "pk": 12
},
{
    "fields": {
        "keyword": "qg_13",
        "translation": null,
        "configuration": "{\"max_num\":3, \"min_num\":2}"
    },
    "model": "configuration.questiongroup",
    "pk": 13
},

{
    "pk": 1,
    "fields": {
        "code": "core",
        "description": "Description of Sample Core Configuration",
        "active": true,
        "activated": "2015-01-08T10:12:59.337Z",
        "data": "{\"categories\":[{\"keyword\":\"cat_1\",\"subcategories\":[{\"keyword\":\"subcat_1_1\",\"questiongroups\":[{\"questions\":[{\"key\":\"key_1\",\"list_position\":2},{\"key\":\"key_3\",\"form_template\":\"inline_2\"}],\"keyword\":\"qg_1\"},{\"questions\":[{\"key\":\"key_2\"},{\"key\":\"key_3\"}],\"keyword\":\"qg_2\"}]},{\"keyword\":\"subcat_1_2\",\"questiongroups\":[{\"questions\":[{\"key\":\"key_4\"},{\"key\":\"key_11\"}],\"keyword\":\"qg_3\"}]}]},{\"keyword\":\"cat_2\",\"subcategories\":[{\"keyword\":\"subcat_2_1\",\"questiongroups\":[{\"questions\":[{\"key\":\"key_5\",\"list_position\":1}],\"keyword\":\"qg_4\"},{\"questions\":[{\"key\":\"key_12\"}],\"keyword\":\"qg_9\"},{\"questions\":[{\"key\":\"key_13\"}],\"keyword\":\"qg_10\"}]}]},{\"keyword\":\"cat_3\",\"subcategories\":[{\"keyword\":\"subcat_3_1\",\"questiongroups\":[{\"questions\":[{\"key\":\"key_7\"}],\"keyword\":\"qg_5\"},{\"questions\":[{\"key\":\"key_8\"}],\"keyword\":\"qg_6\"},{\"questions\":[{\"key\":\"key_17\"},{\"key\":\"key_18\"}],\"keyword\":\"qg_13\"}]},{\"keyword\":\"subcat_3_2\",\"questiongroups\":[{\"questions\":[{\"key\":\"key_9\"}],\"keyword\":\"qg_7\"},{\"questions\":[{\"key\":\"key_10\"}],\"keyword\":\"qg_8\",\"max_num\":3,\"min_num\":2}]}]},{\"keyword\":\"cat_4\",\"subcategories\":[{\"keyword\":\"subcat_4_1\",\"questiongroups\":[{\"questions\":[{\"key\":\"key_14\"}],\"keyword\":\"qg_11\"},{\"questions\":[{\"key\":\"key_16\",\"conditional\":true},{\"key\":\"key_15\",\"conditions\":[\"value_15_1|True|key_16\"]}],\"keyword\":\"qg_12\"}]}]}]}",
        "created": "2015-01-08T10:12:59.337Z",
        "base_code": "",
        "name": "Sample Core Configuration"
    },
    "model": "configuration.configuration"
},
{
    "pk": 2,
    "fields": {
        "code": "unccd",
        "description": "Description of Sample Configuration",
        "active": true,
        "activated": "2015-01-08T10:12:59.337Z",
        "data": "{\"categories\": [{\"keyword\": \"cat_1\",\"subcategories\": [{\"keyword\": \"subcat_1_2\",\"questiongroups\": [{\"questions\": [{\"key\": \"key_6\"}],\"keyword\": \"qg_3\"}]}]}]}",
        "created": "2015-01-09T10:12:59.337Z",
        "base_code": "core",
        "name": "Sample Configuration"
    },
    "model": "configuration.configuration"
}
]
