[
{
    "fields": {
        "translation_type": "key",
        "data": "{\"label\":{\"en\": \"Key 1\", \"es\": \"Clave 1\"}}"
    },
    "model": "configuration.translation",
    "pk": 1
},
{
    "fields": {
        "translation_type": "key",
        "data": "{\"label\":{\"en\": \"Key 2\", \"es\": \"Clave 2\"}}"
    },
    "model": "configuration.translation",
    "pk": 2
},
{
    "fields": {
        "translation_type": "key",
        "data": "{\"label\":{\"en\": \"Key 3\", \"es\": \"Clave 3\"}}"
    },
    "model": "configuration.translation",
    "pk": 3
},
{
    "fields": {
        "translation_type": "key",
        "data": "{\"label\":{\"en\": \"Key 4\", \"es\": \"Clave 4\"}}"
    },
    "model": "configuration.translation",
    "pk": 4
},
{
    "fields": {
        "translation_type": "key",
        "data": "{\"label\":{\"en\": \"Key 5\", \"es\": \"Clave 5\"}}"
    },
    "model": "configuration.translation",
    "pk": 5
},
{
    "fields": {
        "translation_type": "key",
        "data": "{\"label\":{\"en\": \"Key 6\", \"es\": \"Clave 6\"}}"
    },
    "model": "configuration.translation",
    "pk": 6
},
{
    "fields": {
        "translation_type": "key",
        "data": "{\"label\":{\"en\": \"Key 7\", \"es\": \"Clave 7\"}}"
    },
    "model": "configuration.translation",
    "pk": 7
},
{
    "fields": {
        "translation_type": "key",
        "data": "{\"label\":{\"en\": \"Key 8\", \"es\": \"Clave 8\"}}"
    },
    "model": "configuration.translation",
    "pk": 8
},
{
    "fields": {
        "translation_type": "key",
        "data": "{\"label\":{\"en\": \"Key 9\", \"es\": \"Clave 9\"}}"
    },
    "model": "configuration.translation",
    "pk": 9
},
{
    "fields": {
        "translation_type": "key",
        "data": "{\"label\":{\"en\": \"Key 10\", \"es\": \"Clave 10\"}}"
    },
    "model": "configuration.translation",
    "pk": 10
},
{
    "fields": {
        "translation_type": "key",
        "data": "{\"label\":{\"en\": \"Key 11\", \"es\": \"Clave 11\"}}"
    },
    "model": "configuration.translation",
    "pk": 11
},
{
    "fields": {
        "translation_type": "category",
        "data": "{\"label\":{\"en\": \"Category 1\", \"es\": \"Categoría 1\"}}"
    },
    "model": "configuration.translation",
    "pk": 101
},
{
    "fields": {
        "translation_type": "category",
        "data": "{\"label\":{\"en\": \"Category 2\", \"es\": \"Categoría 2\"}}"
    },
    "model": "configuration.translation",
    "pk": 102
},
{
    "fields": {
        "translation_type": "category",
        "data": "{\"label\":{\"en\": \"Category 3\", \"es\": \"Categoría 3\"}}"
    },
    "model": "configuration.translation",
    "pk": 103
},
{
    "fields": {
        "translation_type": "category",
        "data": "{\"label\":{\"en\": \"Subcategory 1_1\", \"es\": \"Subcategoría 1_1\"}}"
    },
    "model": "configuration.translation",
    "pk": 111
},
{
    "fields": {
        "translation_type": "category",
        "data": "{\"label\":{\"en\": \"Subcategory 1_2\", \"es\": \"Subcategoría 1_2\"}}"
    },
    "model": "configuration.translation",
    "pk": 112
},
{
    "fields": {
        "translation_type": "category",
        "data": "{\"label\":{\"en\": \"Subcategory 2_1\", \"es\": \"Subcategoría 2_1\"}}"
    },
    "model": "configuration.translation",
    "pk": 113
},
{
    "fields": {
        "translation_type": "category",
        "data": "{\"label\":{\"en\": \"Subcategory 2_2\", \"es\": \"Subcategoría 2_2\"}}"
    },
    "model": "configuration.translation",
    "pk": 114
},
{
    "fields": {
        "translation_type": "category",
        "data": "{\"label\":{\"en\": \"Subcategory 3_1\", \"es\": \"Subcategoría 3_1\"}}"
    },
    "model": "configuration.translation",
    "pk": 115
},
{
    "fields": {
        "translation_type": "category",
        "data": "{\"label\":{\"en\": \"Subcategory 3_2\", \"es\": \"Subcategoría 3_2\"}}"
    },
    "model": "configuration.translation",
    "pk": 116
},
{
    "fields": {
        "translation_type": "questiongroup",
        "data": "{\"helptext\":{\"en\":\"Helptext 1\",\"es\":\"Texto de ayuda\"}}"
    },
    "model": "configuration.translation",
    "pk": 201
},

{
    "fields": {
        "keyword": "key_1",
        "translation": 1,
        "configuration": "{\"type\": \"char\"}"
    },
    "model": "configuration.key",
    "pk": 1
},
{
    "fields": {
        "keyword": "key_2",
        "translation": 2,
        "configuration": "{\"type\": \"text\"}"
    },
    "model": "configuration.key",
    "pk": 2
},
{
    "fields": {
        "keyword": "key_3",
        "translation": 3,
        "configuration": "{\"type\": \"char\"}"
    },
    "model": "configuration.key",
    "pk": 3
},
{
    "fields": {
        "keyword": "key_4",
        "translation": 4,
        "configuration": "{\"type\": \"char\"}"
    },
    "model": "configuration.key",
    "pk": 4
},
{
    "fields": {
        "keyword": "key_5",
        "translation": 5,
        "configuration": "{\"type\": \"text\"}"
    },
    "model": "configuration.key",
    "pk": 5
},
{
    "fields": {
        "keyword": "key_6",
        "translation": 6,
        "configuration": "{\"type\": \"text\"}"
    },
    "model": "configuration.key",
    "pk": 6
},
{
    "fields": {
        "keyword": "key_7",
        "translation": 7,
        "configuration": "{\"type\": \"char\"}"
    },
    "model": "configuration.key",
    "pk": 7
},
{
    "fields": {
        "keyword": "key_8",
        "translation": 8,
        "configuration": "{\"type\": \"char\"}"
    },
    "model": "configuration.key",
    "pk": 8
},
{
    "fields": {
        "keyword": "key_9",
        "translation": 9,
        "configuration": "{\"type\": \"char\"}"
    },
    "model": "configuration.key",
    "pk": 9
},
{
    "fields": {
        "keyword": "key_10",
        "translation": 10,
        "configuration": "{\"type\": \"char\"}"
    },
    "model": "configuration.key",
    "pk": 10
},
{
    "fields": {
        "keyword": "key_11",
        "translation": 11,
        "configuration": "{\"type\": \"bool\"}"
    },
    "model": "configuration.key",
    "pk": 11
},

{
    "fields": {
        "keyword": "cat_1",
        "translation": 101
    },
    "model": "configuration.category",
    "pk": 1
},
{
    "fields": {
        "keyword": "cat_2",
        "translation": 102
    },
    "model": "configuration.category",
    "pk": 2
},
{
    "fields": {
        "keyword": "cat_3",
        "translation": 103
    },
    "model": "configuration.category",
    "pk": 3
},
{
    "fields": {
        "keyword": "subcat_1_1",
        "translation": 111
    },
    "model": "configuration.category",
    "pk": 11
},
{
    "fields": {
        "keyword": "subcat_1_2",
        "translation": 112
    },
    "model": "configuration.category",
    "pk": 12
},
{
    "fields": {
        "keyword": "subcat_2_1",
        "translation": 113
    },
    "model": "configuration.category",
    "pk": 13
},
{
    "fields": {
        "keyword": "subcat_2_2",
        "translation": 114
    },
    "model": "configuration.category",
    "pk": 14
},
{
    "fields": {
        "keyword": "subcat_3_1",
        "translation": 115
    },
    "model": "configuration.category",
    "pk": 15
},
{
    "fields": {
        "keyword": "subcat_3_2",
        "translation": 116
    },
    "model": "configuration.category",
    "pk": 16
},

{
    "fields": {
        "keyword": "qg_1",
        "translation": null,
        "configuration": "{}"
    },
    "model": "configuration.questiongroup",
    "pk": 1
},
{
    "fields": {
        "keyword": "qg_2",
        "translation": null,
        "configuration": "{}"
    },
    "model": "configuration.questiongroup",
    "pk": 2
},
{
    "fields": {
        "keyword": "qg_3",
        "translation": null,
        "configuration": "{}"
    },
    "model": "configuration.questiongroup",
    "pk": 3
},
{
    "fields": {
        "keyword": "qg_4",
        "translation": null,
        "configuration": "{\"max_num\":2}"
    },
    "model": "configuration.questiongroup",
    "pk": 4
},
{
    "fields": {
        "keyword": "qg_5",
        "translation": 201,
        "configuration": "{\"template\":\"inline_1\"}"
    },
    "model": "configuration.questiongroup",
    "pk": 5
},
{
    "fields": {
        "keyword": "qg_6",
        "translation": null,
        "configuration": "{\"template\":\"inline_1\",\"max_num\":3}"
    },
    "model": "configuration.questiongroup",
    "pk": 6
},
{
    "fields": {
        "keyword": "qg_7",
        "translation": null,
        "configuration": "{\"min_num\":2}"
    },
    "model": "configuration.questiongroup",
    "pk": 7
},
{
    "fields": {
        "keyword": "qg_8",
        "translation": null,
        "configuration": "{\"template\":\"inline_1\"}"
    },
    "model": "configuration.questiongroup",
    "pk": 8
},

{
    "pk": 1,
    "fields": {
        "code": "core",
        "description": "Description of Sample Core Configuration",
        "active": true,
        "activated": "2015-01-08T10:12:59.337Z",
        "data": "{\"categories\":[{\"keyword\":\"cat_1\",\"subcategories\":[{\"keyword\":\"subcat_1_1\",\"questiongroups\":[{\"questions\":[{\"key\":\"key_1\",\"list_position\":2},{\"key\":\"key_3\"}],\"keyword\":\"qg_1\"},{\"questions\":[{\"key\":\"key_2\"},{\"key\":\"key_3\"}],\"keyword\":\"qg_2\"}]},{\"keyword\":\"subcat_1_2\",\"questiongroups\":[{\"questions\":[{\"key\":\"key_4\"},{\"key\":\"key_11\"}],\"keyword\":\"qg_3\"}]}]},{\"keyword\":\"cat_2\",\"subcategories\":[{\"keyword\":\"subcat_2_1\",\"questiongroups\":[{\"questions\":[{\"key\":\"key_5\",\"list_position\":1}],\"keyword\":\"qg_4\"}]}]},{\"keyword\":\"cat_3\",\"subcategories\":[{\"keyword\":\"subcat_3_1\",\"questiongroups\":[{\"questions\":[{\"key\":\"key_7\"}],\"keyword\":\"qg_5\"},{\"questions\":[{\"key\":\"key_8\"}],\"keyword\":\"qg_6\"}]},{\"keyword\":\"subcat_3_2\",\"questiongroups\":[{\"questions\":[{\"key\":\"key_9\"}],\"keyword\":\"qg_7\",\"template\":\"inline_1\"},{\"questions\":[{\"key\":\"key_10\"}],\"keyword\":\"qg_8\",\"max_num\":3,\"min_num\":2}]}]}]}",
        "created": "2015-01-08T10:12:59.337Z",
        "base_code": "",
        "name": "Sample Core Configuration"
    },
    "model": "configuration.configuration"
},
{
    "pk": 2,
    "fields": {
        "code": "unccd",
        "description": "Description of Sample Configuration",
        "active": true,
        "activated": "2015-01-08T10:12:59.337Z",
        "data": "{\"categories\": [{\"keyword\": \"cat_1\",\"subcategories\": [{\"keyword\": \"subcat_1_2\",\"questiongroups\": [{\"questions\": [{\"key\": \"key_6\"}],\"keyword\": \"qg_3\"}]}]}]}",
        "created": "2015-01-09T10:12:59.337Z",
        "base_code": "core",
        "name": "Sample Configuration"
    },
    "model": "configuration.configuration"
}
]
