[
{
    "fields": {
        "translation_type": "key",
        "data": "{\"wocat\":{\"label\":{\"en\": \"I accept conditions regarding the use of information provided\"}}}"
    },
    "model": "configuration.translation",
    "pk": 1002
},
{
    "fields": {
        "translation_type": "key",
        "data": "{\"wocat\":{\"label\":{\"en\": \"Definition of the SLM practice (description in one sentence)\"}}}"
    },
    "model": "configuration.translation",
    "pk": 1003
},
{
    "fields": {
        "translation_type": "key",
        "data": "{\"wocat\":{\"label\":{\"en\": \"Description of the SLM practice\"}}}"
    },
    "model": "configuration.translation",
    "pk": 1004
},
{
    "fields": {
        "translation_type": "key",
        "data": "{\"wocat\":{\"label\":{\"en\": \"State / Province\"}}}"
    },
    "model": "configuration.translation",
    "pk": 1006
},
{
    "fields": {
        "translation_type": "key",
        "data": "{\"wocat\":{\"label\":{\"en\": \"Further specification of location (e.g. district / commune) - if relevant\"}}}"
    },
    "model": "configuration.translation",
    "pk": 1007
},
{
    "fields": {
        "translation_type": "key",
        "data": "{\"wocat\":{\"label\":{\"en\": \"Comments\"}}}"
    },
    "model": "configuration.translation",
    "pk": 1008
},
{
    "fields": {
        "translation_type": "key",
        "data": "{\"wocat\":{\"label\":{\"en\": \"Cropland\"}}}"
    },
    "model": "configuration.translation",
    "pk": 1009
},
{
    "fields": {
        "translation_type": "key",
        "data": "{\"wocat\":{\"label\":{\"en\": \"Grazing land\"}}}"
    },
    "model": "configuration.translation",
    "pk": 1010
},
{
    "fields": {
        "translation_type": "key",
        "data": "{\"wocat\":{\"label\":{\"en\": \"Forest/woodlands\"}}}"
    },
    "model": "configuration.translation",
    "pk": 1011
},
{
    "fields": {
        "translation_type": "key",
        "data": "{\"wocat\":{\"label\":{\"en\": \"Mixed\"}}}"
    },
    "model": "configuration.translation",
    "pk": 1012
},
{
    "fields": {
        "translation_type": "key",
        "data": "{\"wocat\":{\"label\":{\"en\": \"Other\"}}}"
    },
    "model": "configuration.translation",
    "pk": 1013
},
{
    "fields": {
        "translation_type": "key",
        "data": "{\"wocat\":{\"label\":{\"en\": \"Original land use (before implementation of SLM practice)\"}}}"
    },
    "model": "configuration.translation",
    "pk": 1014
},
{
    "fields": {
        "translation_type": "key",
        "data": "{\"wocat\":{\"label\":{\"en\": \"Future (final) land use (after implementation of SLM practice) (if relevant)\"}}}"
    },
    "model": "configuration.translation",
    "pk": 1015
},
{
    "fields": {
        "translation_type": "key",
        "data": "{\"wocat\":{\"label\":{\"en\": \"Major crops (cash crops and food crops)\"}}}"
    },
    "model": "configuration.translation",
    "pk": 1016
},
{
    "fields": {
        "translation_type": "key",
        "data": "{\"wocat\":{\"label\":{\"en\": \"Specify type of extensive grazing\"}}}"
    },
    "model": "configuration.translation",
    "pk": 1017
},
{
    "fields": {
        "translation_type": "key",
        "data": "{\"wocat\":{\"label\":{\"en\": \"Specify type of intensive grazing\"}}}"
    },
    "model": "configuration.translation",
    "pk": 1018
},
{
    "fields": {
        "translation_type": "key",
        "data": "{\"wocat\":{\"label\":{\"en\": \"Main / secondary livestock species\"}}}"
    },
    "model": "configuration.translation",
    "pk": 1019
},
{
    "fields": {
        "translation_type": "key",
        "data": "{\"wocat\":{\"label\":{\"en\": \"Image\"}}}"
    },
    "model": "configuration.translation",
    "pk": 1020
},
{
    "fields": {
        "translation_type": "key",
        "data": "{\"wocat\":{\"label\":{\"en\": \"Caption\"}}}"
    },
    "model": "configuration.translation",
    "pk": 1021
},
{
    "fields": {
        "translation_type": "key",
        "data": "{\"wocat\":{\"label\":{\"en\": \"Date and Location\"}}}"
    },
    "model": "configuration.translation",
    "pk": 1022
},
{
    "fields": {
        "translation_type": "key",
        "data": "{\"wocat\":{\"label\":{\"en\": \"Name of photographer\"}}}"
    },
    "model": "configuration.translation",
    "pk": 1023
},
{
    "fields": {
        "translation_type": "key",
        "data": "{\"wocat\":{\"label\":{\"en\": \"Cropland Subcategories\"}}}"
    },
    "model": "configuration.translation",
    "pk": 1024
},
{
    "fields": {
        "translation_type": "key",
        "data": "{\"wocat\":{\"label\":{\"en\": \"Grazingland Subcategories\"}}}"
    },
    "model": "configuration.translation",
    "pk": 1025
},
{
    "fields": {
        "translation_type": "key",
        "data": "{\"wocat\":{\"label\":{\"en\": \"Forest/woodlands Subcategories\"}}}"
    },
    "model": "configuration.translation",
    "pk": 1026
},
{
    "fields": {
        "translation_type": "key",
        "data": "{\"wocat\":{\"label\":{\"en\": \"Removal of trees\"}}}"
    },
    "model": "configuration.translation",
    "pk": 1027
},
{
    "fields": {
        "translation_type": "key",
        "data": "{\"wocat\":{\"label\":{\"en\": \"timber\"}}}"
    },
    "model": "configuration.translation",
    "pk": 1028
},
{
    "fields": {
        "translation_type": "key",
        "data": "{\"wocat\":{\"label\":{\"en\": \"fuelwood\"}}}"
    },
    "model": "configuration.translation",
    "pk": 1029
},
{
    "fields": {
        "translation_type": "key",
        "data": "{\"wocat\":{\"label\":{\"en\": \"fruits and nuts\"}}}"
    },
    "model": "configuration.translation",
    "pk": 1030
},
{
    "fields": {
        "translation_type": "key",
        "data": "{\"wocat\":{\"label\":{\"en\": \"grazing / browsing\"}}}"
    },
    "model": "configuration.translation",
    "pk": 1031
},
{
    "fields": {
        "translation_type": "key",
        "data": "{\"wocat\":{\"label\":{\"en\": \"other forest products / uses (honey, medical, etc.)\"}}}"
    },
    "model": "configuration.translation",
    "pk": 1032
},
{
    "fields": {
        "translation_type": "key",
        "data": "{\"wocat\":{\"label\":{\"en\": \"nature conservation / protection\"}}}"
    },
    "model": "configuration.translation",
    "pk": 1033
},
{
    "fields": {
        "translation_type": "key",
        "data": "{\"wocat\":{\"label\":{\"en\": \"recreation / tourism\"}}}"
    },
    "model": "configuration.translation",
    "pk": 1034
},
{
    "fields": {
        "translation_type": "key",
        "data": "{\"wocat\":{\"label\":{\"en\": \"protection against natural hazards\"}}}"
    },
    "model": "configuration.translation",
    "pk": 1035
},


{
    "fields": {
        "translation_type": "value",
        "data": "{\"wocat\":{\"label\":{\"en\": \"nomadism\"}}}"
    },
    "model": "configuration.translation",
    "pk": 1504
},
{
    "fields": {
        "translation_type": "value",
        "data": "{\"wocat\":{\"label\":{\"en\": \"semi-nomadism / pastoralism\"}}}"
    },
    "model": "configuration.translation",
    "pk": 1505
},
{
    "fields": {
        "translation_type": "value",
        "data": "{\"wocat\":{\"label\":{\"en\": \"ranching\"}}}"
    },
    "model": "configuration.translation",
    "pk": 1506
},
{
    "fields": {
        "translation_type": "value",
        "data": "{\"wocat\":{\"label\":{\"en\": \"cut-and-carry / zero grazing\"}}}"
    },
    "model": "configuration.translation",
    "pk": 1507
},
{
    "fields": {
        "translation_type": "value",
        "data": "{\"wocat\":{\"label\":{\"en\": \"improved pasture\"}}}"
    },
    "model": "configuration.translation",
    "pk": 1508
},
{
    "fields": {
        "translation_type": "value",
        "data": "{\"wocat\":{\"label\":{\"en\": \"(Ca) Annual cropping\"}}}"
    },
    "model": "configuration.translation",
    "pk": 1509
},
{
    "fields": {
        "translation_type": "value",
        "data": "{\"wocat\":{\"label\":{\"en\": \"(Cp) Perennial (non-woody) cropping\"}}}"
    },
    "model": "configuration.translation",
    "pk": 1510
},
{
    "fields": {
        "translation_type": "value",
        "data": "{\"wocat\":{\"label\":{\"en\": \"(Ct) Tree and shrub cropping\"}}}"
    },
    "model": "configuration.translation",
    "pk": 1511
},
{
    "fields": {
        "translation_type": "value",
        "data": "{\"wocat\":{\"label\":{\"en\": \"(Ge) Extensive grazing land\"}}}"
    },
    "model": "configuration.translation",
    "pk": 1512
},
{
    "fields": {
        "translation_type": "value",
        "data": "{\"wocat\":{\"label\":{\"en\": \"(Gi) Intensive grazing / fodder production\"}}}"
    },
    "model": "configuration.translation",
    "pk": 1513
},
{
    "fields": {
        "translation_type": "value",
        "data": "{\"wocat\":{\"label\":{\"en\": \"(Fn) Natural\"}}}"
    },
    "model": "configuration.translation",
    "pk": 1514
},
{
    "fields": {
        "translation_type": "value",
        "data": "{\"wocat\":{\"label\":{\"en\": \"(Fp) Plantations, afforestations\"}}}"
    },
    "model": "configuration.translation",
    "pk": 1515
},
{
    "fields": {
        "translation_type": "value",
        "data": "{\"wocat\":{\"label\":{\"en\": \"(Fo) Other\"}}}"
    },
    "model": "configuration.translation",
    "pk": 1516
},
{
    "fields": {
        "translation_type": "value",
        "data": "{\"wocat\":{\"label\":{\"en\": \"Selective felling\"}}}"
    },
    "model": "configuration.translation",
    "pk": 1517
},
{
    "fields": {
        "translation_type": "value",
        "data": "{\"wocat\":{\"label\":{\"en\": \"Clear felling\"}}}"
    },
    "model": "configuration.translation",
    "pk": 1518
},
{
    "fields": {
        "translation_type": "value",
        "data": "{\"wocat\":{\"label\":{\"en\": \"Shifting cultivation\"}}}"
    },
    "model": "configuration.translation",
    "pk": 1519
},


{
    "fields": {
        "translation_type": "questiongroup",
        "data": "{\"wocat\":{\"label\":{\"en\":\"On which current land use type(s) is the SLM practice applied?\"}}}"
    },
    "model": "configuration.translation",
    "pk": 2201
},
{
    "fields": {
        "translation_type": "questiongroup",
        "data": "{\"wocat\":{\"label\":{\"en\":\"If land use has changed due to the implementation of the SLM practice, indicate land use type before and after\"}}}"
    },
    "model": "configuration.translation",
    "pk": 2202
},
{
    "fields": {
        "translation_type": "questiongroup",
        "data": "{\"wocat\":{\"helptext\":{\"en\":\"You can add more images later.\"}}}"
    },
    "model": "configuration.translation",
    "pk": 2203
},
{
    "fields": {
        "translation_type": "questiongroup",
        "data": "{\"wocat\":{\"label\":{\"en\":\"Specifications on cropland\"}}}"
    },
    "model": "configuration.translation",
    "pk": 2204
},
{
    "fields": {
        "translation_type": "questiongroup",
        "data": "{\"wocat\":{\"label\":{\"en\":\"Specifications on grazing land\"}}}"
    },
    "model": "configuration.translation",
    "pk": 2205
},
{
    "fields": {
        "translation_type": "questiongroup",
        "data": "{\"wocat\":{\"label\":{\"en\":\"For what purpose do land users use forests and woodlands?\"}}}"
    },
    "model": "configuration.translation",
    "pk": 2206
},


{
    "fields": {
        "translation_type": "category",
        "data": "{\"wocat\":{\"label\":{\"en\": \"Image\"}}}"
    },
    "model": "configuration.translation",
    "pk": 2701
},
{
    "fields": {
        "translation_type": "category",
        "data": "{\"wocat\":{\"label\":{\"en\": \"Name of the SLM practice\"}}}"
    },
    "model": "configuration.translation",
    "pk": 2702
},
{
    "fields": {
        "translation_type": "category",
        "data": "{\"wocat\":{\"label\":{\"en\": \"Definition of the SLM practice (description in one sentence)\"}}}"
    },
    "model": "configuration.translation",
    "pk": 2703
},
{
    "fields": {
        "translation_type": "category",
        "data": "{\"wocat\":{\"label\":{\"en\": \"Description of the SLM practice\"}}}"
    },
    "model": "configuration.translation",
    "pk": 2704
},
{
    "fields": {
        "translation_type": "category",
        "data": "{\"wocat\":{\"label\":{\"en\": \"Where is the SLM practice applied?\"}}}"
    },
    "model": "configuration.translation",
    "pk": 2705
},
{
    "fields": {
        "translation_type": "category",
        "data": "{\"wocat\":{\"label\":{\"en\": \"Cropland\"}}}"
    },
    "model": "configuration.translation",
    "pk": 2706
},
{
    "fields": {
        "translation_type": "category",
        "data": "{\"wocat\":{\"label\":{\"en\": \"Grazing Land\"}}}"
    },
    "model": "configuration.translation",
    "pk": 2707
},
{
    "fields": {
        "translation_type": "category",
        "data": "{\"wocat\":{\"label\":{\"en\": \"Forest / Woodlands\"}}}"
    },
    "model": "configuration.translation",
    "pk": 2708
},


{
    "fields": {
        "translation_type": "category",
        "data": "{\"wocat\":{\"label\":{\"en\": \"General Information\"}}}"
    },
    "model": "configuration.translation",
    "pk": 2901
},
{
    "fields": {
        "translation_type": "category",
        "data": "{\"wocat\":{\"label\":{\"en\": \"Specification of the SLM practice\"}}}"
    },
    "model": "configuration.translation",
    "pk": 2902
},
{
    "fields": {
        "translation_type": "category",
        "data": "{\"wocat\":{\"label\":{\"en\": \"Land Use\"}}}"
    },
    "model": "configuration.translation",
    "pk": 2903
},


{
    "fields": {
        "keyword": "wocat_accept_conditions",
        "translation": 1002,
        "configuration": "{\"type\": \"bool\"}"
    },
    "model": "configuration.key",
    "pk": 1002
},
{
    "fields": {
        "keyword": "wocat_definition",
        "translation": 1003,
        "configuration": "{\"type\": \"text\"}"
    },
    "model": "configuration.key",
    "pk": 1003
},
{
    "fields": {
        "keyword": "wocat_description",
        "translation": 1004,
        "configuration": "{\"type\": \"text\"}"
    },
    "model": "configuration.key",
    "pk": 1004
},
{
    "fields": {
        "keyword": "wocat_state_province",
        "translation": 1006,
        "configuration": "{\"type\": \"char\", \"form_template\": \"inline_2\"}"
    },
    "model": "configuration.key",
    "pk": 1006
},
{
    "fields": {
        "keyword": "wocat_further_location",
        "translation": 1007,
        "configuration": "{\"type\": \"char\"}"
    },
    "model": "configuration.key",
    "pk": 1007
},
{
    "fields": {
        "keyword": "wocat_where_comments",
        "translation": 1008,
        "configuration": "{\"type\": \"text\"}"
    },
    "model": "configuration.key",
    "pk": 1008
},
{
    "fields": {
        "keyword": "wocat_landuse_cropland",
        "translation": 1009,
        "configuration": "{\"type\": \"measure\"}",
        "values": [250, 251, 252]
    },
    "model": "configuration.key",
    "pk": 1009
},
{
    "fields": {
        "keyword": "wocat_landuse_grazingland",
        "translation": 1010,
        "configuration": "{\"type\": \"measure\"}",
        "values": [250, 251, 252]
    },
    "model": "configuration.key",
    "pk": 1010
},
{
    "fields": {
        "keyword": "wocat_landuse_forest",
        "translation": 1011,
        "configuration": "{\"type\": \"measure\"}",
        "values": [250, 251, 252]
    },
    "model": "configuration.key",
    "pk": 1011
},
{
    "fields": {
        "keyword": "wocat_landuse_mixed",
        "translation": 1012,
        "configuration": "{\"type\": \"measure\"}",
        "values": [250, 251, 252]
    },
    "model": "configuration.key",
    "pk": 1012
},
{
    "fields": {
        "keyword": "wocat_landuse_other",
        "translation": 1013,
        "configuration": "{\"type\": \"measure\"}",
        "values": [250, 251, 252]
    },
    "model": "configuration.key",
    "pk": 1013
},
{
    "fields": {
        "keyword": "wocat_original_landuse",
        "translation": 1014,
        "configuration": "{\"type\": \"char\"}"
    },
    "model": "configuration.key",
    "pk": 1014
},
{
    "fields": {
        "keyword": "wocat_future_landuse",
        "translation": 1015,
        "configuration": "{\"type\": \"char\"}"
    },
    "model": "configuration.key",
    "pk": 1015
},
{
    "fields": {
        "keyword": "wocat_major_crops",
        "translation": 1016,
        "configuration": "{\"type\": \"char\"}"
    },
    "model": "configuration.key",
    "pk": 1016
},
{
    "fields": {
        "keyword": "wocat_type_extensive_grazing",
        "translation": 1017,
        "configuration": "{\"type\": \"checkbox\"}",
        "values": [1004, 1005, 1006]
    },
    "model": "configuration.key",
    "pk": 1017
},
{
    "fields": {
        "keyword": "wocat_type_intensive_grazing",
        "translation": 1018,
        "configuration": "{\"type\": \"checkbox\"}",
        "values": [1007, 1008]
    },
    "model": "configuration.key",
    "pk": 1018
},
{
    "fields": {
        "keyword": "wocat_main_livestock_species",
        "translation": 1019,
        "configuration": "{\"type\": \"char\"}"
    },
    "model": "configuration.key",
    "pk": 1019
},
{
    "fields": {
        "keyword": "image",
        "translation": 1020,
        "configuration": "{\"type\": \"image\"}"
    },
    "model": "configuration.key",
    "pk": 1020
},
{
    "fields": {
        "keyword": "image_caption",
        "translation": 1021,
        "configuration": "{\"type\": \"text\"}"
    },
    "model": "configuration.key",
    "pk": 1021
},
{
    "fields": {
        "keyword": "image_date_location",
        "translation": 1022,
        "configuration": "{\"type\": \"char\"}"
    },
    "model": "configuration.key",
    "pk": 1022
},
{
    "fields": {
        "keyword": "image_photographer",
        "translation": 1023,
        "configuration": "{\"type\": \"char\"}"
    },
    "model": "configuration.key",
    "pk": 1023
},
{
    "fields": {
        "keyword": "wocat_cropland_subcategories",
        "translation": 1024,
        "configuration": "{\"type\": \"checkbox\"}",
        "values": [1009, 1010, 1011]
    },
    "model": "configuration.key",
    "pk": 1024
},
{
    "fields": {
        "keyword": "wocat_grazingland_subcategories",
        "translation": 1025,
        "configuration": "{\"type\": \"checkbox\"}",
        "values": [1012, 1013]
    },
    "model": "configuration.key",
    "pk": 1025
},
{
    "fields": {
        "keyword": "wocat_forestwoodlands_subcategories",
        "translation": 1026,
        "configuration": "{\"type\": \"checkbox\"}",
        "values": [1014, 1015, 1016]
    },
    "model": "configuration.key",
    "pk": 1026
},
{
    "fields": {
        "keyword": "wocat_forestwoodlands_removaloftrees",
        "translation": 1027,
        "configuration": "{\"type\": \"checkbox\"}",
        "values": [1017, 1018, 1019]
    },
    "model": "configuration.key",
    "pk": 1027
},
{
    "fields": {
        "keyword": "wocat_forestwoodlands_usage_timber",
        "translation": 1028,
        "configuration": "{\"type\": \"measure\"}",
        "values": [250, 251, 252]
    },
    "model": "configuration.key",
    "pk": 1028
},
{
    "fields": {
        "keyword": "wocat_forestwoodlands_usage_fuelwood",
        "translation": 1029,
        "configuration": "{\"type\": \"measure\"}",
        "values": [250, 251, 252]
    },
    "model": "configuration.key",
    "pk": 1029
},
{
    "fields": {
        "keyword": "wocat_forestwoodlands_usage_fruitsnuts",
        "translation": 1030,
        "configuration": "{\"type\": \"measure\"}",
        "values": [250, 251, 252]
    },
    "model": "configuration.key",
    "pk": 1030
},
{
    "fields": {
        "keyword": "wocat_forestwoodlands_usage_grazingbrowsing",
        "translation": 1031,
        "configuration": "{\"type\": \"measure\"}",
        "values": [250, 251, 252]
    },
    "model": "configuration.key",
    "pk": 1031
},
{
    "fields": {
        "keyword": "wocat_forestwoodlands_usage_otherforestproducts",
        "translation": 1032,
        "configuration": "{\"type\": \"measure\"}",
        "values": [250, 251, 252]
    },
    "model": "configuration.key",
    "pk": 1032
},
{
    "fields": {
        "keyword": "wocat_forestwoodlands_usage_natureconservation",
        "translation": 1033,
        "configuration": "{\"type\": \"measure\"}",
        "values": [250, 251, 252]
    },
    "model": "configuration.key",
    "pk": 1033
},
{
    "fields": {
        "keyword": "wocat_forestwoodlands_usage_recreationtourism",
        "translation": 1034,
        "configuration": "{\"type\": \"measure\"}",
        "values": [250, 251, 252]
    },
    "model": "configuration.key",
    "pk": 1034
},
{
    "fields": {
        "keyword": "wocat_forestwoodlands_usage_protectionnaturalhazards",
        "translation": 1035,
        "configuration": "{\"type\": \"measure\"}",
        "values": [250, 251, 252]
    },
    "model": "configuration.key",
    "pk": 1035
},


{
    "fields": {
        "keyword": "extensive_gazing_nomadism",
        "translation": 1504
    },
    "model": "configuration.value",
    "pk": 1004
},
{
    "fields": {
        "keyword": "extensive_gazing_seminomadism",
        "translation": 1505
    },
    "model": "configuration.value",
    "pk": 1005
},
{
    "fields": {
        "keyword": "extensive_gazing_ranching",
        "translation": 1506
    },
    "model": "configuration.value",
    "pk": 1006
},
{
    "fields": {
        "keyword": "intensive_grazing_cutandcarry",
        "translation": 1507
    },
    "model": "configuration.value",
    "pk": 1007
},
{
    "fields": {
        "keyword": "intensive_gazing_improvedpasture",
        "translation": 1508
    },
    "model": "configuration.value",
    "pk": 1008
},
{
    "fields": {
        "keyword": "cropland_sub_annual_cropping",
        "translation": 1509
    },
    "model": "configuration.value",
    "pk": 1009
},
{
    "fields": {
        "keyword": "cropland_sub_perennial_cropping",
        "translation": 1510
    },
    "model": "configuration.value",
    "pk": 1010
},
{
    "fields": {
        "keyword": "cropland_sub_tree_shrub_cropping",
        "translation": 1511
    },
    "model": "configuration.value",
    "pk": 1011
},
{
    "fields": {
        "keyword": "grazingland_sub_extensive",
        "translation": 1512
    },
    "model": "configuration.value",
    "pk": 1012
},
{
    "fields": {
        "keyword": "grazingland_sub_intensive",
        "translation": 1513
    },
    "model": "configuration.value",
    "pk": 1013
},
{
    "fields": {
        "keyword": "forestwoodlands_sub_natural",
        "translation": 1514
    },
    "model": "configuration.value",
    "pk": 1014
},
{
    "fields": {
        "keyword": "forestwoodlands_sub_plantations",
        "translation": 1515
    },
    "model": "configuration.value",
    "pk": 1015
},
{
    "fields": {
        "keyword": "forestwoodlands_sub_other",
        "translation": 1516
    },
    "model": "configuration.value",
    "pk": 1016
},
{
    "fields": {
        "keyword": "forestwoodlands_removaloftrees_selectivefelling",
        "translation": 1517
    },
    "model": "configuration.value",
    "pk": 1017
},
{
    "fields": {
        "keyword": "forestwoodlands_removaloftrees_clearfelling",
        "translation": 1518
    },
    "model": "configuration.value",
    "pk": 1018
},
{
    "fields": {
        "keyword": "forestwoodlands_removaloftrees_shiftingcultivation",
        "translation": 1519
    },
    "model": "configuration.value",
    "pk": 1019
},


{
    "fields": {
        "keyword": "wocat_qg_1",
        "translation": 2203,
        "configuration": "{}"
    },
    "model": "configuration.questiongroup",
    "pk": 1001
},
{
    "fields": {
        "keyword": "wocat_qg_2",
        "translation": null,
        "configuration": "{}"
    },
    "model": "configuration.questiongroup",
    "pk": 1002
},
{
    "fields": {
        "keyword": "wocat_qg_3",
        "translation": null,
        "configuration": "{}"
    },
    "model": "configuration.questiongroup",
    "pk": 1003
},
{
    "fields": {
        "keyword": "wocat_qg_4",
        "translation": null,
        "configuration": "{}"
    },
    "model": "configuration.questiongroup",
    "pk": 1004
},
{
    "fields": {
        "keyword": "wocat_qg_5",
        "translation": null,
        "configuration": "{}"
    },
    "model": "configuration.questiongroup",
    "pk": 1005
},
{
    "fields": {
        "keyword": "wocat_qg_6",
        "translation": 2201,
        "configuration": "{}"
    },
    "model": "configuration.questiongroup",
    "pk": 1006
},
{
    "fields": {
        "keyword": "wocat_qg_7",
        "translation": 2202,
        "configuration": "{}"
    },
    "model": "configuration.questiongroup",
    "pk": 1007
},
{
    "fields": {
        "keyword": "wocat_qg_8",
        "translation": 2204,
        "configuration": "{}"
    },
    "model": "configuration.questiongroup",
    "pk": 1008
},
{
    "fields": {
        "keyword": "wocat_qg_9",
        "translation": 2205,
        "configuration": "{}"
    },
    "model": "configuration.questiongroup",
    "pk": 1009
},
{
    "fields": {
        "keyword": "wocat_qg_10",
        "translation": null,
        "configuration": "{}"
    },
    "model": "configuration.questiongroup",
    "pk": 1010
},
{
    "fields": {
        "keyword": "wocat_qg_11",
        "translation": null,
        "configuration": "{}"
    },
    "model": "configuration.questiongroup",
    "pk": 1011
},
{
    "fields": {
        "keyword": "wocat_qg_12",
        "translation": null,
        "configuration": "{}"
    },
    "model": "configuration.questiongroup",
    "pk": 1012
},
{
    "fields": {
        "keyword": "wocat_qg_13",
        "translation": 2206,
        "configuration": "{}"
    },
    "model": "configuration.questiongroup",
    "pk": 1013
},


{
    "fields": {
        "keyword": "wocat__1__1",
        "translation": 2701
    },
    "model": "configuration.category",
    "pk": 1001
},
{
    "fields": {
        "keyword": "wocat__1__2",
        "translation": 2702
    },
    "model": "configuration.category",
    "pk": 1002
},
{
    "fields": {
        "keyword": "wocat__2__1",
        "translation": 2703
    },
    "model": "configuration.category",
    "pk": 1003
},
{
    "fields": {
        "keyword": "wocat__2__2",
        "translation": 2704
    },
    "model": "configuration.category",
    "pk": 1004
},
{
    "fields": {
        "keyword": "wocat__2__3",
        "translation": 2705
    },
    "model": "configuration.category",
    "pk": 1005
},
{
    "fields": {
        "keyword": "wocat__2a__1",
        "translation": 2706
    },
    "model": "configuration.category",
    "pk": 1006
},
{
    "fields": {
        "keyword": "wocat__2a__2",
        "translation": 2707
    },
    "model": "configuration.category",
    "pk": 1007
},
{
    "fields": {
        "keyword": "wocat__2a__3",
        "translation": 2708
    },
    "model": "configuration.category",
    "pk": 1008
},


{
    "fields": {
        "keyword": "wocat__1",
        "translation": 2901
    },
    "model": "configuration.category",
    "pk": 1701
},
{
    "fields": {
        "keyword": "wocat__2",
        "translation": 2902
    },
    "model": "configuration.category",
    "pk": 1702
},
{
    "fields": {
        "keyword": "wocat__2a",
        "translation": 2903
    },
    "model": "configuration.category",
    "pk": 1703
},


{
    "fields": {
        "code": "wocat",
        "description": "Description of WOCAT Configuration",
        "active": true,
        "activated": "2015-01-08T10:12:59.337Z",
        "data": "{\"categories\":[{\"keyword\":\"wocat__1\",\"view_template\":\"wocat_header\",\"use_raw_data\":true,\"with_metadata\":true,\"subcategories\":[{\"keyword\":\"wocat__1__1\",\"questiongroups\":[{\"keyword\":\"wocat_qg_1\",\"questions\":[{\"key\":\"image\",\"in_list\":true},{\"key\":\"image_caption\"},{\"key\":\"image_date_location\"},{\"key\":\"image_photographer\"}]}]},{\"keyword\":\"wocat__1__2\",\"questiongroups\":[{\"keyword\":\"qg_name\",\"questions\":[{\"key\":\"name\",\"in_list\":true}]},{\"keyword\":\"wocat_qg_2\",\"questions\":[{\"key\":\"wocat_definition\",\"in_list\":true}]},{\"keyword\":\"qg_country\",\"questions\":[{\"key\":\"country\",\"in_list\":true}]},{\"keyword\":\"wocat_qg_10\",\"questions\":[{\"key\":\"wocat_accept_conditions\"}]}]}]},{\"keyword\":\"wocat__2\",\"subcategories\":[{\"keyword\":\"wocat__2__3\",\"questiongroups\":[{\"keyword\":\"wocat_qg_11\",\"questions\":[{\"key\":\"wocat_description\"}]},{\"keyword\":\"wocat_qg_5\",\"questions\":[{\"key\":\"wocat_state_province\"},{\"key\":\"wocat_further_location\"},{\"key\":\"wocat_where_comments\"}]}]}]},{\"keyword\":\"wocat__2a\",\"subcategories\":[{\"keyword\":\"wocat__2a__1\",\"questiongroups\":[{\"keyword\":\"wocat_qg_6\",\"questions\":[{\"key\":\"wocat_landuse_cropland\",\"questiongroup_conditions\":[\">0|wocat_landuse_cropland\"]}]},{\"keyword\":\"wocat_qg_8\",\"questiongroup_condition\":\"wocat_landuse_cropland\",\"questions\":[{\"key\":\"wocat_cropland_subcategories\"},{\"key\":\"wocat_major_crops\"}]}]},{\"keyword\":\"wocat__2a__2\",\"questiongroups\":[{\"keyword\":\"wocat_qg_4\",\"questions\":[{\"key\":\"wocat_landuse_grazingland\",\"questiongroup_conditions\":[\">0|wocat_landuse_grazingland\"]}]},{\"keyword\":\"wocat_qg_9\",\"questiongroup_condition\":\"wocat_landuse_grazingland\",\"questions\":[{\"key\":\"wocat_grazingland_subcategories\"},{\"key\":\"wocat_type_extensive_grazing\"},{\"key\":\"wocat_type_intensive_grazing\"},{\"key\":\"wocat_main_livestock_species\"}]}]},{\"keyword\":\"wocat__2a__3\",\"questiongroups\":[{\"keyword\":\"wocat_qg_3\",\"questions\":[{\"key\":\"wocat_landuse_forest\",\"questiongroup_conditions\":[\">0|wocat_landuse_forest\",\">0|wocat_forestwoodlands_usage\"]}]},{\"keyword\":\"wocat_qg_12\",\"questiongroup_condition\":\"wocat_landuse_forest\",\"questions\":[{\"key\":\"wocat_forestwoodlands_subcategories\"},{\"key\":\"wocat_forestwoodlands_removaloftrees\"}]},{\"keyword\":\"wocat_qg_13\",\"questiongroup_condition\":\"wocat_forestwoodlands_usage\",\"questions\":[{\"key\":\"wocat_forestwoodlands_usage_timber\"},{\"key\":\"wocat_forestwoodlands_usage_fuelwood\"},{\"key\":\"wocat_forestwoodlands_usage_fruitsnuts\"},{\"key\":\"wocat_forestwoodlands_usage_grazingbrowsing\"},{\"key\":\"wocat_forestwoodlands_usage_otherforestproducts\"},{\"key\":\"wocat_forestwoodlands_usage_natureconservation\"},{\"key\":\"wocat_forestwoodlands_usage_recreationtourism\"},{\"key\":\"wocat_forestwoodlands_usage_protectionnaturalhazards\"}]}]}]}]}",
        "created": "2015-01-08T10:12:59.337Z",
        "base_code": "",
        "name": "WOCAT Configuration"
    },
    "model": "configuration.configuration",
    "pk": 1001
}
]
