[
{
    "fields": {
        "translation_type": "key",
        "data": "{\"label\":{\"en\": \"Key 1\", \"es\": \"Clave 1\"}}"
    },
    "model": "configuration.translation",
    "pk": 10001
},
{
    "fields": {
        "translation_type": "key",
        "data": "{\"label\":{\"en\": \"Key 2\", \"es\": \"Clave 2\"}}"
    },
    "model": "configuration.translation",
    "pk": 10002
},
{
    "fields": {
        "translation_type": "key",
        "data": "{\"label\":{\"en\": \"Key 3\", \"es\": \"Clave 3\"}}"
    },
    "model": "configuration.translation",
    "pk": 10003
},
{
    "fields": {
        "translation_type": "key",
        "data": "{\"label\":{\"en\": \"Key 4\", \"es\": \"Clave 4\"}}"
    },
    "model": "configuration.translation",
    "pk": 10004
},
{
    "fields": {
        "translation_type": "key",
        "data": "{\"label\":{\"en\": \"Key 5\", \"es\": \"Clave 5\"}}"
    },
    "model": "configuration.translation",
    "pk": 10005
},
{
    "fields": {
        "translation_type": "key",
        "data": "{\"label\":{\"en\": \"Key 6\", \"es\": \"Clave 6\"}}"
    },
    "model": "configuration.translation",
    "pk": 10006
},
{
    "fields": {
        "translation_type": "key",
        "data": "{\"label\":{\"en\": \"Key 7\", \"es\": \"Clave 7\"}}"
    },
    "model": "configuration.translation",
    "pk": 10007
},
{
    "fields": {
        "translation_type": "key",
        "data": "{\"label\":{\"en\": \"Key 8\", \"es\": \"Clave 8\"}}"
    },
    "model": "configuration.translation",
    "pk": 10008
},
{
    "fields": {
        "translation_type": "key",
        "data": "{\"label\":{\"en\": \"Key 9\", \"es\": \"Clave 9\"}}"
    },
    "model": "configuration.translation",
    "pk": 10009
},
{
    "fields": {
        "translation_type": "key",
        "data": "{\"label\":{\"en\": \"Key 10\", \"es\": \"Clave 10\"}}"
    },
    "model": "configuration.translation",
    "pk": 10010
},
{
    "fields": {
        "translation_type": "key",
        "data": "{\"label\":{\"en\": \"Key 11\", \"es\": \"Clave 11\"}}"
    },
    "model": "configuration.translation",
    "pk": 10011
},
{
    "fields": {
        "translation_type": "key",
        "data": "{\"label\":{\"en\": \"Key 12\", \"es\": \"Clave 12\"}}"
    },
    "model": "configuration.translation",
    "pk": 10012
},
{
    "fields": {
        "translation_type": "key",
        "data": "{\"label\":{\"en\": \"Key 13\", \"es\": \"Clave 13\"}}"
    },
    "model": "configuration.translation",
    "pk": 10013
},
{
    "fields": {
        "translation_type": "key",
        "data": "{\"label\":{\"en\": \"Key 14\", \"es\": \"Clave 14\"}}"
    },
    "model": "configuration.translation",
    "pk": 10014
},
{
    "fields": {
        "translation_type": "key",
        "data": "{\"label\":{\"en\": \"Key 15\", \"es\": \"Clave 15\"}}"
    },
    "model": "configuration.translation",
    "pk": 10015
},
{
    "fields": {
        "translation_type": "key",
        "data": "{\"label\":{\"en\": \"Key 16\", \"es\": \"Clave 16\"}}"
    },
    "model": "configuration.translation",
    "pk": 10016
},
{
    "fields": {
        "translation_type": "key",
        "data": "{\"label\":{\"en\": \"Key 17\", \"es\": \"Clave 17\"}}"
    },
    "model": "configuration.translation",
    "pk": 10017
},
{
    "fields": {
        "translation_type": "key",
        "data": "{\"label\":{\"en\": \"Key 18\", \"es\": \"Clave 18\"}}"
    },
    "model": "configuration.translation",
    "pk": 10018
},
{
    "fields": {
        "translation_type": "key",
        "data": "{\"label\":{\"en\": \"Key 19\", \"es\": \"Clave 19\"}}"
    },
    "model": "configuration.translation",
    "pk": 10019
},


{
    "fields": {
        "translation_type": "category",
        "data": "{\"label\":{\"en\": \"Category 1\", \"es\": \"Categoría 1\"}}"
    },
    "model": "configuration.translation",
    "pk": 10101
},
{
    "fields": {
        "translation_type": "category",
        "data": "{\"label\":{\"en\": \"Category 2\", \"es\": \"Categoría 2\"}}"
    },
    "model": "configuration.translation",
    "pk": 10102
},
{
    "fields": {
        "translation_type": "category",
        "data": "{\"label\":{\"en\": \"Category 3\", \"es\": \"Categoría 3\"}}"
    },
    "model": "configuration.translation",
    "pk": 10103
},
{
    "fields": {
        "translation_type": "category",
        "data": "{\"label\":{\"en\": \"Category 4\", \"es\": \"Categoría 4\"}}"
    },
    "model": "configuration.translation",
    "pk": 10104
},
{
    "fields": {
        "translation_type": "category",
        "data": "{\"label\":{\"en\": \"Category 0\", \"es\": \"Categoría 0\"}}"
    },
    "model": "configuration.translation",
    "pk": 10105
},
{
    "fields": {
        "translation_type": "category",
        "data": "{\"label\":{\"en\": \"Subcategory 1_1\", \"es\": \"Subcategoría 1_1\"}}"
    },
    "model": "configuration.translation",
    "pk": 10111
},
{
    "fields": {
        "translation_type": "category",
        "data": "{\"label\":{\"en\": \"Subcategory 1_2\", \"es\": \"Subcategoría 1_2\"}}"
    },
    "model": "configuration.translation",
    "pk": 10112
},
{
    "fields": {
        "translation_type": "category",
        "data": "{\"label\":{\"en\": \"Subcategory 2_1\", \"es\": \"Subcategoría 2_1\"}}"
    },
    "model": "configuration.translation",
    "pk": 10113
},
{
    "fields": {
        "translation_type": "category",
        "data": "{\"label\":{\"en\": \"Subcategory 2_2\", \"es\": \"Subcategoría 2_2\"}}"
    },
    "model": "configuration.translation",
    "pk": 10114
},
{
    "fields": {
        "translation_type": "category",
        "data": "{\"label\":{\"en\": \"Subcategory 3_1\", \"es\": \"Subcategoría 3_1\"}}"
    },
    "model": "configuration.translation",
    "pk": 10115
},
{
    "fields": {
        "translation_type": "category",
        "data": "{\"label\":{\"en\": \"Subcategory 3_2\", \"es\": \"Subcategoría 3_2\"}}"
    },
    "model": "configuration.translation",
    "pk": 10116
},
{
    "fields": {
        "translation_type": "category",
        "data": "{\"label\":{\"en\": \"Subcategory 4_1\", \"es\": \"Subcategoría 4_1\"}}"
    },
    "model": "configuration.translation",
    "pk": 10117
},
{
    "fields": {
        "translation_type": "category",
        "data": "{\"label\":{\"en\": \"Subcategory 4_2\", \"es\": \"Subcategoría 4_2\"}}"
    },
    "model": "configuration.translation",
    "pk": 10118
},
{
    "fields": {
        "translation_type": "category",
        "data": "{\"label\":{\"en\": \"Subcategory 0_1\", \"es\": \"Subcategoría 0_1\"}}"
    },
    "model": "configuration.translation",
    "pk": 10119
},
{
    "fields": {
        "translation_type": "questiongroup",
        "data": "{\"helptext\":{\"en\":\"Helptext 1\",\"es\":\"Texto de ayuda\"}}"
    },
    "model": "configuration.translation",
    "pk": 10201
},

{
    "fields": {
        "translation_type": "value",
        "data": "{\"label\":{\"en\": \"Value 1\", \"es\": \"Valor 1\"}}"
    },
    "model": "configuration.translation",
    "pk": 10301
},
{
    "fields": {
        "translation_type": "value",
        "data": "{\"label\":{\"en\": \"Value 2\", \"es\": \"Valor 2\"}}"
    },
    "model": "configuration.translation",
    "pk": 10302
},
{
    "fields": {
        "translation_type": "value",
        "data": "{\"label\":{\"en\": \"Value 3\", \"es\": \"Valor 3\"}}"
    },
    "model": "configuration.translation",
    "pk": 10303
},
{
    "fields": {
        "translation_type": "value",
        "data": "{\"label\":{\"en\": \"Value 13_1\", \"es\": \"Valor 13_1\"}}"
    },
    "model": "configuration.translation",
    "pk": 10304
},
{
    "fields": {
        "translation_type": "value",
        "data": "{\"label\":{\"en\": \"Value 13_2\", \"es\": \"Valor 13_2\"}}"
    },
    "model": "configuration.translation",
    "pk": 10305
},
{
    "fields": {
        "translation_type": "value",
        "data": "{\"label\":{\"en\": \"Value 13_3\", \"es\": \"Valor 13_3\"}}"
    },
    "model": "configuration.translation",
    "pk": 10306
},
{
    "fields": {
        "translation_type": "value",
        "data": "{\"label\":{\"en\": \"Value 13_4\", \"es\": \"Valor 13_4\"}}"
    },
    "model": "configuration.translation",
    "pk": 10307
},
{
    "fields": {
        "translation_type": "value",
        "data": "{\"label\":{\"en\": \"Value 13_5\", \"es\": \"Valor 13_5\"}}"
    },
    "model": "configuration.translation",
    "pk": 10308
},
{
    "fields": {
        "translation_type": "value",
        "data": "{\"label\":{\"en\":\"Value 14_1\",\"es\":\"Valor 14_1\"}}"
    },
    "model": "configuration.translation",
    "pk": 10309
},
{
    "fields": {
        "translation_type": "value",
        "data": "{\"label\":{\"en\": \"Value 14_2\", \"es\": \"Valor 14_2\"}}"
    },
    "model": "configuration.translation",
    "pk": 10310
},
{
    "fields": {
        "translation_type": "value",
        "data": "{\"label\":{\"en\": \"Value 14_3\", \"es\": \"Valor 14_3\"}}"
    },
    "model": "configuration.translation",
    "pk": 10311
},
{
    "fields": {
        "translation_type": "value",
        "data": "{\"label\":{\"en\":\"Value 15_1\",\"es\":\"Valor 15_1\"}}"
    },
    "model": "configuration.translation",
    "pk": 10312
},
{
    "fields": {
        "translation_type": "value",
        "data": "{\"label\":{\"en\": \"Value 15_2\", \"es\": \"Valor 15_2\"}}"
    },
    "model": "configuration.translation",
    "pk": 10313
},
{
    "fields": {
        "translation_type": "value",
        "data": "{\"label\":{\"en\": \"Value 15_3\", \"es\": \"Valor 15_3\"}}"
    },
    "model": "configuration.translation",
    "pk": 10314
},
{
    "fields": {
        "translation_type": "value",
        "data": "{\"label\":{\"en\":\"Value 16_1\",\"es\":\"Valor 16_1\"}}"
    },
    "model": "configuration.translation",
    "pk": 10315
},
{
    "fields": {
        "translation_type": "value",
        "data": "{\"label\":{\"en\": \"Value 16_2\", \"es\": \"Valor 16_2\"}}"
    },
    "model": "configuration.translation",
    "pk": 10316
},
{
    "fields": {
        "translation_type": "value",
        "data": "{\"label\":{\"en\": \"Value 16_3\", \"es\": \"Valor 16_3\"}}"
    },
    "model": "configuration.translation",
    "pk": 10317
},

{
    "fields": {
        "keyword": "key_1",
        "translation": 10001,
        "configuration": "{\"type\": \"char\", \"form_template\": \"inline_2\"}"
    },
    "model": "configuration.key",
    "pk": 10001
},
{
    "fields": {
        "keyword": "key_2",
        "translation": 10002,
        "configuration": "{\"type\": \"text\"}"
    },
    "model": "configuration.key",
    "pk": 10002
},
{
    "fields": {
        "keyword": "key_3",
        "translation": 10003,
        "configuration": "{\"type\": \"char\"}"
    },
    "model": "configuration.key",
    "pk": 10003
},
{
    "fields": {
        "keyword": "key_4",
        "translation": 10004,
        "configuration": "{\"type\": \"char\"}"
    },
    "model": "configuration.key",
    "pk": 10004
},
{
    "fields": {
        "keyword": "key_5",
        "translation": 10005,
        "configuration": "{\"type\": \"text\"}"
    },
    "model": "configuration.key",
    "pk": 10005
},
{
    "fields": {
        "keyword": "key_6",
        "translation": 10006,
        "configuration": "{\"type\": \"text\"}"
    },
    "model": "configuration.key",
    "pk": 10006
},
{
    "fields": {
        "keyword": "key_7",
        "translation": 10007,
        "configuration": "{\"type\": \"char\"}"
    },
    "model": "configuration.key",
    "pk": 10007
},
{
    "fields": {
        "keyword": "key_8",
        "translation": 10008,
        "configuration": "{\"type\": \"char\"}"
    },
    "model": "configuration.key",
    "pk": 10008
},
{
    "fields": {
        "keyword": "key_9",
        "translation": 10009,
        "configuration": "{\"type\": \"char\"}"
    },
    "model": "configuration.key",
    "pk": 10009
},
{
    "fields": {
        "keyword": "key_10",
        "translation": 10010,
        "configuration": "{\"type\": \"char\"}"
    },
    "model": "configuration.key",
    "pk": 10010
},
{
    "fields": {
        "keyword": "key_11",
        "translation": 10011,
        "configuration": "{\"type\": \"bool\"}"
    },
    "model": "configuration.key",
    "pk": 10011
},
{
    "fields": {
        "keyword": "key_12",
        "translation": 10012,
        "configuration": "{\"type\": \"measure\"}",
        "values": [10001, 10002, 10003]
    },
    "model": "configuration.key",
    "pk": 10012
},
{
    "fields": {
        "keyword": "key_13",
        "translation": 10013,
        "configuration": "{\"type\": \"checkbox\"}",
        "values": [10004, 10005, 10006, 10007, 10008]
    },
    "model": "configuration.key",
    "pk": 10013
},
{
    "fields": {
        "keyword": "key_14",
        "translation": 10014,
        "configuration": "{\"type\": \"image_checkbox\"}",
        "values": [10009, 10010, 10011]
    },
    "model": "configuration.key",
    "pk": 10014
},
{
    "fields": {
        "keyword": "key_15",
        "translation": 10015,
        "configuration": "{\"type\": \"image_checkbox\"}",
        "values": [10012, 10013, 10014]
    },
    "model": "configuration.key",
    "pk": 10015
},
{
    "fields": {
        "keyword": "key_16",
        "translation": 10016,
        "configuration": "{\"type\": \"image_checkbox\"}",
        "values": [10015, 10016, 10017]
    },
    "model": "configuration.key",
    "pk": 10016
},
{
    "fields": {
        "keyword": "key_17",
        "translation": 10017,
        "configuration": "{\"type\": \"char\"}"
    },
    "model": "configuration.key",
    "pk": 10017
},
{
    "fields": {
        "keyword": "key_18",
        "translation": 10018,
        "configuration": "{\"type\": \"text\"}"
    },
    "model": "configuration.key",
    "pk": 10018
},
{
    "fields": {
        "keyword": "key_19",
        "translation": 10019,
        "configuration": "{\"type\": \"image\"}"
    },
    "model": "configuration.key",
    "pk": 10019
},
{
    "fields": {
        "keyword": "key_20",
        "translation": 10019,
        "configuration": "{\"type\": \"image\"}"
    },
    "model": "configuration.key",
    "pk": 10020
},

{
    "fields": {
        "keyword": "value_1",
        "translation": 10301
    },
    "model": "configuration.value",
    "pk": 10001
},
{
    "fields": {
        "keyword": "value_2",
        "translation": 10302
    },
    "model": "configuration.value",
    "pk": 10002
},
{
    "fields": {
        "keyword": "value_3",
        "translation": 10303
    },
    "model": "configuration.value",
    "pk": 10003
},
{
    "fields": {
        "keyword": "value_13_1",
        "translation": 10304
    },
    "model": "configuration.value",
    "pk": 10004
},
{
    "fields": {
        "keyword": "value_13_2",
        "translation": 10305
    },
    "model": "configuration.value",
    "pk": 10005
},
{
    "fields": {
        "keyword": "value_13_3",
        "translation": 10306
    },
    "model": "configuration.value",
    "pk": 10006
},
{
    "fields": {
        "keyword": "value_13_4",
        "translation": 10307
    },
    "model": "configuration.value",
    "pk": 10007
},
{
    "fields": {
        "keyword": "value_13_5",
        "translation": 10308
    },
    "model": "configuration.value",
    "pk": 10008
},
{
    "fields": {
        "keyword": "value_14_1",
        "translation": 10309,
        "configuration": "{\"image_name\":\"landuse_01.png\"}"
    },
    "model": "configuration.value",
    "pk": 10009
},
{
    "fields": {
        "keyword": "value_14_2",
        "translation": 10310,
        "configuration": "{\"image_name\":\"landuse_02.png\"}"
    },
    "model": "configuration.value",
    "pk": 10010
},
{
    "fields": {
        "keyword": "value_14_3",
        "translation": 10311,
        "configuration": "{\"image_name\":\"landuse_03.png\"}"
    },
    "model": "configuration.value",
    "pk": 10011
},
{
    "fields": {
        "keyword": "value_15_1",
        "translation": 10312,
        "configuration": "{\"image_name\":\"landuse_04.png\"}"
    },
    "model": "configuration.value",
    "pk": 10012
},
{
    "fields": {
        "keyword": "value_15_2",
        "translation": 10313,
        "configuration": "{\"image_name\":\"landuse_05.png\"}"
    },
    "model": "configuration.value",
    "pk": 10013
},
{
    "fields": {
        "keyword": "value_15_3",
        "translation": 10314,
        "configuration": "{\"image_name\":\"landuse_06.png\"}"
    },
    "model": "configuration.value",
    "pk": 10014
},
{
    "fields": {
        "keyword": "value_16_1",
        "translation": 10315,
        "configuration": "{\"image_name\":\"landuse_07.png\"}"
    },
    "model": "configuration.value",
    "pk": 10015
},
{
    "fields": {
        "keyword": "value_16_2",
        "translation": 10316,
        "configuration": "{\"image_name\":\"landuse_08.png\"}"
    },
    "model": "configuration.value",
    "pk": 10016
},
{
    "fields": {
        "keyword": "value_16_3",
        "translation": 10317,
        "configuration": "{\"image_name\":\"landuse_09.png\"}"
    },
    "model": "configuration.value",
    "pk": 10017
},

{
    "fields": {
        "keyword": "cat_1",
        "translation": 10101
    },
    "model": "configuration.category",
    "pk": 10001
},
{
    "fields": {
        "keyword": "cat_2",
        "translation": 10102
    },
    "model": "configuration.category",
    "pk": 10002
},
{
    "fields": {
        "keyword": "cat_3",
        "translation": 10103
    },
    "model": "configuration.category",
    "pk": 10003
},
{
    "fields": {
        "keyword": "cat_4",
        "translation": 10104
    },
    "model": "configuration.category",
    "pk": 10004
},
{
    "fields": {
        "keyword": "cat_0",
        "translation": 10105
    },
    "model": "configuration.category",
    "pk": 10005
},
{
    "fields": {
        "keyword": "subcat_1_1",
        "translation": 10111
    },
    "model": "configuration.category",
    "pk": 10011
},
{
    "fields": {
        "keyword": "subcat_1_2",
        "translation": 10112
    },
    "model": "configuration.category",
    "pk": 10012
},
{
    "fields": {
        "keyword": "subcat_2_1",
        "translation": 10113
    },
    "model": "configuration.category",
    "pk": 10013
},
{
    "fields": {
        "keyword": "subcat_2_2",
        "translation": 10114
    },
    "model": "configuration.category",
    "pk": 10014
},
{
    "fields": {
        "keyword": "subcat_3_1",
        "translation": 10115
    },
    "model": "configuration.category",
    "pk": 10015
},
{
    "fields": {
        "keyword": "subcat_3_2",
        "translation": 10116
    },
    "model": "configuration.category",
    "pk": 10016
},
{
    "fields": {
        "keyword": "subcat_4_1",
        "translation": 10117
    },
    "model": "configuration.category",
    "pk": 10017
},
{
    "fields": {
        "keyword": "subcat_4_2",
        "translation": 10118
    },
    "model": "configuration.category",
    "pk": 10018
},
{
    "fields": {
        "keyword": "subcat_0_1",
        "translation": 10119
    },
    "model": "configuration.category",
    "pk": 10019
},

{
    "fields": {
        "keyword": "qg_1",
        "translation": null,
        "configuration": "{}"
    },
    "model": "configuration.questiongroup",
    "pk": 10001
},
{
    "fields": {
        "keyword": "qg_2",
        "translation": null,
        "configuration": "{}"
    },
    "model": "configuration.questiongroup",
    "pk": 10002
},
{
    "fields": {
        "keyword": "qg_3",
        "translation": null,
        "configuration": "{}"
    },
    "model": "configuration.questiongroup",
    "pk": 10003
},
{
    "fields": {
        "keyword": "qg_4",
        "translation": null,
        "configuration": "{\"max_num\":2}"
    },
    "model": "configuration.questiongroup",
    "pk": 10004
},
{
    "fields": {
        "keyword": "qg_5",
        "translation": 10201,
        "configuration": "{}"
    },
    "model": "configuration.questiongroup",
    "pk": 10005
},
{
    "fields": {
        "keyword": "qg_6",
        "translation": null,
        "configuration": "{\"max_num\":3}"
    },
    "model": "configuration.questiongroup",
    "pk": 10006
},
{
    "fields": {
        "keyword": "qg_7",
        "translation": null,
        "configuration": "{\"min_num\":2}"
    },
    "model": "configuration.questiongroup",
    "pk": 10007
},
{
    "fields": {
        "keyword": "qg_8",
        "translation": null,
        "configuration": "{}"
    },
    "model": "configuration.questiongroup",
    "pk": 10008
},
{
    "fields": {
        "keyword": "qg_9",
        "translation": null,
        "configuration": "{}"
    },
    "model": "configuration.questiongroup",
    "pk": 10009
},
{
    "fields": {
        "keyword": "qg_10",
        "translation": null,
        "configuration": "{}"
    },
    "model": "configuration.questiongroup",
    "pk": 10010
},
{
    "fields": {
        "keyword": "qg_11",
        "translation": null,
        "configuration": "{}"
    },
    "model": "configuration.questiongroup",
    "pk": 10011
},
{
    "fields": {
        "keyword": "qg_12",
        "translation": null,
        "configuration": "{}"
    },
    "model": "configuration.questiongroup",
    "pk": 10012
},
{
    "fields": {
        "keyword": "qg_13",
        "translation": null,
        "configuration": "{\"max_num\":3, \"min_num\":2}"
    },
    "model": "configuration.questiongroup",
    "pk": 10013
},
{
    "fields": {
        "keyword": "qg_14",
        "translation": null,
        "configuration": "{}"
    },
    "model": "configuration.questiongroup",
    "pk": 10014
},
{
    "fields": {
        "keyword": "qg_15",
        "translation": null,
        "configuration": "{}"
    },
    "model": "configuration.questiongroup",
    "pk": 10015
},

{
    "pk": 10001,
    "fields": {
        "code": "sample_core",
        "description": "Description of Sample Core Configuration",
        "active": true,
        "activated": "2015-01-08T10:12:59.337Z",
        "data": "{\"categories\":[{\"keyword\":\"cat_0\",\"subcategories\":[{\"keyword\":\"subcat_0_1\",\"questiongroups\":[{\"keyword\":\"qg_14\",\"questions\":[{\"key\":\"key_19\"}]},{\"keyword\":\"qg_15\",\"questions\":[{\"key\":\"key_20\"}]}]}]},{\"keyword\":\"cat_1\",\"subcategories\":[{\"keyword\":\"subcat_1_1\",\"questiongroups\":[{\"questions\":[{\"key\":\"key_1\",\"list_position\":2},{\"key\":\"key_3\",\"form_template\":\"inline_2\"}],\"keyword\":\"qg_1\"},{\"questions\":[{\"key\":\"key_2\"},{\"key\":\"key_3\"}],\"keyword\":\"qg_2\"}]},{\"keyword\":\"subcat_1_2\",\"questiongroups\":[{\"questions\":[{\"key\":\"key_4\"},{\"key\":\"key_11\"}],\"keyword\":\"qg_3\"}]}]},{\"keyword\":\"cat_2\",\"subcategories\":[{\"keyword\":\"subcat_2_1\",\"questiongroups\":[{\"questions\":[{\"key\":\"key_5\",\"list_position\":1}],\"keyword\":\"qg_4\"},{\"questions\":[{\"key\":\"key_12\"}],\"keyword\":\"qg_9\"},{\"questions\":[{\"key\":\"key_13\"}],\"keyword\":\"qg_10\"}]}]},{\"keyword\":\"cat_3\",\"subcategories\":[{\"keyword\":\"subcat_3_1\",\"questiongroups\":[{\"questions\":[{\"key\":\"key_7\"}],\"keyword\":\"qg_5\"},{\"questions\":[{\"key\":\"key_8\"}],\"keyword\":\"qg_6\"},{\"questions\":[{\"key\":\"key_17\"},{\"key\":\"key_18\"}],\"keyword\":\"qg_13\"}]},{\"keyword\":\"subcat_3_2\",\"questiongroups\":[{\"questions\":[{\"key\":\"key_9\"}],\"keyword\":\"qg_7\"},{\"questions\":[{\"key\":\"key_10\"}],\"keyword\":\"qg_8\",\"max_num\":3,\"min_num\":2}]}]},{\"keyword\":\"cat_4\",\"subcategories\":[{\"keyword\":\"subcat_4_1\",\"questiongroups\":[{\"questions\":[{\"key\":\"key_14\"}],\"keyword\":\"qg_11\"},{\"questions\":[{\"key\":\"key_16\",\"conditional\":true},{\"key\":\"key_15\",\"conditions\":[\"value_15_1|True|key_16\"]}],\"keyword\":\"qg_12\"}]}]}]}",
        "created": "2015-01-08T10:12:59.337Z",
        "base_code": "",
        "name": "Sample Core Configuration"
    },
    "model": "configuration.configuration"
},
{
    "pk": 10002,
    "fields": {
        "code": "sample",
        "description": "Description of Sample Configuration",
        "active": true,
        "activated": "2015-01-08T10:12:59.337Z",
        "data": "{\"categories\": [{\"keyword\": \"cat_1\",\"subcategories\": [{\"keyword\": \"subcat_1_2\",\"questiongroups\": [{\"questions\": [{\"key\": \"key_6\"}],\"keyword\": \"qg_3\"}]}]}]}",
        "created": "2015-01-09T10:12:59.337Z",
        "base_code": "sample_core",
        "name": "Sample Configuration"
    },
    "model": "configuration.configuration"
}
]
