[
{
    "fields": {
        "translation_type": "key",
        "data": "{\"sample\":{\"label\":{\"en\":\"Key 1\",\"es\":\"Clave 1\"}}}"
    },
    "model": "configuration.translation",
    "pk": 11001
},
{
    "fields": {
        "translation_type": "key",
        "data": "{\"sample\":{\"label\":{\"en\":\"Key 2\",\"es\":\"Clave 2\"}}}"
    },
    "model": "configuration.translation",
    "pk": 11002
},
{
    "fields": {
        "translation_type": "key",
        "data": "{\"sample\":{\"label\":{\"en\":\"Key 3\",\"es\":\"Clave 3\"}}}"
    },
    "model": "configuration.translation",
    "pk": 11003
},
{
    "fields": {
        "translation_type": "key",
        "data": "{\"sample\":{\"label\":{\"en\":\"Key 4\",\"es\":\"Clave 4\"}}}"
    },
    "model": "configuration.translation",
    "pk": 11004
},
{
    "fields": {
        "translation_type": "key",
        "data": "{\"sample\":{\"label\":{\"en\":\"Key 5\",\"es\":\"Clave 5\"}}}"
    },
    "model": "configuration.translation",
    "pk": 11005
},
{
    "fields": {
        "translation_type": "key",
        "data": "{\"sample\":{\"label\":{\"en\":\"Key 6\",\"es\":\"Clave 6\"}}}"
    },
    "model": "configuration.translation",
    "pk": 11006
},
{
    "fields": {
        "translation_type": "key",
        "data": "{\"sample\":{\"label\":{\"en\":\"Key 7\",\"es\":\"Clave 7\"}}}"
    },
    "model": "configuration.translation",
    "pk": 11007
},
{
    "fields": {
        "translation_type": "key",
        "data": "{\"sample\":{\"label\":{\"en\":\"Key 8\",\"es\":\"Clave 8\"}}}"
    },
    "model": "configuration.translation",
    "pk": 11008
},
{
    "fields": {
        "translation_type": "key",
        "data": "{\"sample\":{\"label\":{\"en\":\"Key 9\",\"es\":\"Clave 9\"}}}"
    },
    "model": "configuration.translation",
    "pk": 11009
},
{
    "fields": {
        "translation_type": "key",
        "data": "{\"sample\":{\"label\":{\"en\":\"Key 10\",\"es\":\"Clave 10\"}}}"
    },
    "model": "configuration.translation",
    "pk": 11010
},
{
    "fields": {
        "translation_type": "key",
        "data": "{\"sample\":{\"label\":{\"en\":\"Key 11\",\"es\":\"Clave 11\"}}}"
    },
    "model": "configuration.translation",
    "pk": 11011
},
{
    "fields": {
        "translation_type": "key",
        "data": "{\"sample\":{\"label\":{\"en\":\"Key 12\",\"es\":\"Clave 12\"}}}"
    },
    "model": "configuration.translation",
    "pk": 11012
},
{
    "fields": {
        "translation_type": "key",
        "data": "{\"sample\":{\"label\":{\"en\":\"Key 13\",\"es\":\"Clave 13\"}}}"
    },
    "model": "configuration.translation",
    "pk": 11013
},
{
    "fields": {
        "translation_type": "key",
        "data": "{\"sample\":{\"label\":{\"en\":\"Key 14\",\"es\":\"Clave 14\"}}}"
    },
    "model": "configuration.translation",
    "pk": 11014
},
{
    "fields": {
        "translation_type": "key",
        "data": "{\"sample\":{\"label\":{\"en\":\"Key 15\",\"es\":\"Clave 15\"}}}"
    },
    "model": "configuration.translation",
    "pk": 11015
},
{
    "fields": {
        "translation_type": "key",
        "data": "{\"sample\":{\"label\":{\"en\":\"Key 16\",\"es\":\"Clave 16\"}}}"
    },
    "model": "configuration.translation",
    "pk": 11016
},
{
    "fields": {
        "translation_type": "key",
        "data": "{\"sample\":{\"label\":{\"en\":\"Key 17\",\"es\":\"Clave 17\"}}}"
    },
    "model": "configuration.translation",
    "pk": 11017
},
{
    "fields": {
        "translation_type": "key",
        "data": "{\"sample\":{\"label\":{\"en\":\"Key 18\",\"es\":\"Clave 18\"}}}"
    },
    "model": "configuration.translation",
    "pk": 11018
},
{
    "fields": {
        "translation_type": "key",
        "data": "{\"sample\":{\"label\":{\"en\":\"Key 19\",\"es\":\"Clave 19\"}}}"
    },
    "model": "configuration.translation",
    "pk": 11019
},
{
    "fields": {
        "translation_type": "key",
        "data": "{\"sample\":{\"label\":{\"en\":\"Key 21\",\"es\":\"Clave 21\"}}}"
    },
    "model": "configuration.translation",
    "pk": 11021
},
{
    "fields": {
        "translation_type": "key",
        "data": "{\"sample\":{\"label\":{\"en\":\"Key 22\",\"es\":\"Clave 22\"}}}"
    },
    "model": "configuration.translation",
    "pk": 11022
},
{
    "fields": {
        "translation_type": "key",
        "data": "{\"sample\":{\"label\":{\"en\":\"Key 23\",\"es\":\"Clave 23\"}}}"
    },
    "model": "configuration.translation",
    "pk": 11023
},


{
    "fields": {
        "translation_type": "value",
        "data": "{\"sample\":{\"label\":{\"en\": \"Value 1\", \"es\": \"Valor 1\"}}}"
    },
    "model": "configuration.translation",
    "pk": 11501
},
{
    "fields": {
        "translation_type": "value",
        "data": "{\"sample\":{\"label\":{\"en\": \"Value 2\", \"es\": \"Valor 2\"}}}"
    },
    "model": "configuration.translation",
    "pk": 11502
},
{
    "fields": {
        "translation_type": "value",
        "data": "{\"sample\":{\"label\":{\"en\": \"Value 3\", \"es\": \"Valor 3\"}}}"
    },
    "model": "configuration.translation",
    "pk": 11503
},
{
    "fields": {
        "translation_type": "value",
        "data": "{\"sample\":{\"label\":{\"en\": \"Value 13_1\", \"es\": \"Valor 13_1\"}}}"
    },
    "model": "configuration.translation",
    "pk": 11504
},
{
    "fields": {
        "translation_type": "value",
        "data": "{\"sample\":{\"label\":{\"en\": \"Value 13_2\", \"es\": \"Valor 13_2\"}}}"
    },
    "model": "configuration.translation",
    "pk": 11505
},
{
    "fields": {
        "translation_type": "value",
        "data": "{\"sample\":{\"label\":{\"en\": \"Value 13_3\", \"es\": \"Valor 13_3\"}}}"
    },
    "model": "configuration.translation",
    "pk": 11506
},
{
    "fields": {
        "translation_type": "value",
        "data": "{\"sample\":{\"label\":{\"en\": \"Value 13_4\", \"es\": \"Valor 13_4\"}}}"
    },
    "model": "configuration.translation",
    "pk": 11507
},
{
    "fields": {
        "translation_type": "value",
        "data": "{\"sample\":{\"label\":{\"en\": \"Value 13_5\", \"es\": \"Valor 13_5\"}}}"
    },
    "model": "configuration.translation",
    "pk": 11508
},
{
    "fields": {
        "translation_type": "value",
        "data": "{\"sample\":{\"label\":{\"en\":\"Value 14_1\",\"es\":\"Valor 14_1\"}}}"
    },
    "model": "configuration.translation",
    "pk": 11509
},
{
    "fields": {
        "translation_type": "value",
        "data": "{\"sample\":{\"label\":{\"en\": \"Value 14_2\", \"es\": \"Valor 14_2\"}}}"
    },
    "model": "configuration.translation",
    "pk": 11510
},
{
    "fields": {
        "translation_type": "value",
        "data": "{\"sample\":{\"label\":{\"en\": \"Value 14_3\", \"es\": \"Valor 14_3\"}}}"
    },
    "model": "configuration.translation",
    "pk": 11511
},
{
    "fields": {
        "translation_type": "value",
        "data": "{\"sample\":{\"label\":{\"en\":\"Value 15_1\",\"es\":\"Valor 15_1\"}}}"
    },
    "model": "configuration.translation",
    "pk": 11512
},
{
    "fields": {
        "translation_type": "value",
        "data": "{\"sample\":{\"label\":{\"en\": \"Value 15_2\", \"es\": \"Valor 15_2\"}}}"
    },
    "model": "configuration.translation",
    "pk": 11513
},
{
    "fields": {
        "translation_type": "value",
        "data": "{\"sample\":{\"label\":{\"en\": \"Value 15_3\", \"es\": \"Valor 15_3\"}}}"
    },
    "model": "configuration.translation",
    "pk": 11514
},
{
    "fields": {
        "translation_type": "value",
        "data": "{\"sample\":{\"label\":{\"en\":\"Value 16_1\",\"es\":\"Valor 16_1\"}}}"
    },
    "model": "configuration.translation",
    "pk": 11515
},
{
    "fields": {
        "translation_type": "value",
        "data": "{\"sample\":{\"label\":{\"en\": \"Value 16_2\", \"es\": \"Valor 16_2\"}}}"
    },
    "model": "configuration.translation",
    "pk": 11516
},
{
    "fields": {
        "translation_type": "value",
        "data": "{\"sample\":{\"label\":{\"en\": \"Value 16_3\", \"es\": \"Valor 16_3\"}}}"
    },
    "model": "configuration.translation",
    "pk": 11517
},
{
    "fields": {
        "translation_type": "value",
        "data": "{\"sample\":{\"label\":{\"en\": \"Afghanistan\", \"es\": \"Afghanistan\"}}}"
    },
    "model": "configuration.translation",
    "pk": 11518
},
{
    "fields": {
        "translation_type": "value",
        "data": "{\"sample\":{\"label\":{\"en\": \"Germany\", \"es\": \"Alemania\"}}}"
    },
    "model": "configuration.translation",
    "pk": 11519
},
{
    "fields": {
        "translation_type": "value",
        "data": "{\"sample\":{\"label\":{\"en\": \"Cambodia\", \"es\": \"Cambodia\"}}}"
    },
    "model": "configuration.translation",
    "pk": 11520
},
{
    "fields": {
        "translation_type": "value",
        "data": "{\"sample\":{\"label\":{\"en\": \"Switzerland\", \"es\": \"Suiza\"}}}"
    },
    "model": "configuration.translation",
    "pk": 11521
},


{
    "fields": {
        "translation_type": "questiongroup",
        "data": "{\"sample\":{\"helptext\":{\"en\":\"Helptext 1\",\"es\":\"Texto de ayuda\"}}}"
    },
    "model": "configuration.translation",
    "pk": 12201
},


{
    "fields": {
        "translation_type": "category",
        "data": "{\"sample\":{\"label\":{\"en\":\"Subcategory 1_1\",\"es\":\"Subcategoría 1_1\"}}}"
    },
    "model": "configuration.translation",
    "pk": 12701
},
{
    "fields": {
        "translation_type": "category",
        "data": "{\"sample\":{\"label\":{\"en\":\"Subcategory 1_2\",\"es\":\"Subcategoría 1_2\"}}}"
    },
    "model": "configuration.translation",
    "pk": 12702
},
{
    "fields": {
        "translation_type": "category",
        "data": "{\"sample\":{\"label\":{\"en\":\"Subcategory 2_1\",\"es\":\"Subcategoría 2_1\"}}}"
    },
    "model": "configuration.translation",
    "pk": 12703
},
{
    "fields": {
        "translation_type": "category",
        "data": "{\"sample\":{\"label\":{\"en\":\"Subcategory 2_2\",\"es\":\"Subcategoría 2_2\"}}}"
    },
    "model": "configuration.translation",
    "pk": 12704
},
{
    "fields": {
        "translation_type": "category",
        "data": "{\"sample\":{\"label\":{\"en\":\"Subcategory 3_1\",\"es\":\"Subcategoría 3_1\"}}}"
    },
    "model": "configuration.translation",
    "pk": 12705
},
{
    "fields": {
        "translation_type": "category",
        "data": "{\"sample\":{\"label\":{\"en\":\"Subcategory 3_2\",\"es\":\"Subcategoría 3_2\"}}}"
    },
    "model": "configuration.translation",
    "pk": 12706
},
{
    "fields": {
        "translation_type": "category",
        "data": "{\"sample\":{\"label\":{\"en\":\"Subcategory 4_1\",\"es\":\"Subcategoría 4_1\"}}}"
    },
    "model": "configuration.translation",
    "pk": 12707
},
{
    "fields": {
        "translation_type": "category",
        "data": "{\"sample\":{\"label\":{\"en\":\"Subcategory 4_2\",\"es\":\"Subcategoría 4_2\"}}}"
    },
    "model": "configuration.translation",
    "pk": 12708
},
{
    "fields": {
        "translation_type": "category",
        "data": "{\"sample\":{\"label\":{\"en\":\"Subcategory 0_1\",\"es\":\"Subcategoría 0_1\"}}}"
    },
    "model": "configuration.translation",
    "pk": 12709
},


{
    "fields": {
        "translation_type": "category",
        "data": "{\"sample\":{\"label\":{\"en\":\"Category 1\",\"es\":\"Categoría 1\"}}}"
    },
    "model": "configuration.translation",
    "pk": 12901
},
{
    "fields": {
        "translation_type": "category",
        "data": "{\"sample\":{\"label\":{\"en\":\"Category 2\",\"es\":\"Categoría 2\"}}}"
    },
    "model": "configuration.translation",
    "pk": 12902
},
{
    "fields": {
        "translation_type": "category",
        "data": "{\"sample\":{\"label\":{\"en\":\"Category 3\",\"es\":\"Categoría 3\"}}}"
    },
    "model": "configuration.translation",
    "pk": 12903
},
{
    "fields": {
        "translation_type": "category",
        "data": "{\"sample\":{\"label\":{\"en\":\"Category 4\",\"es\":\"Categoría 4\"}}}"
    },
    "model": "configuration.translation",
    "pk": 12904
},
{
    "fields": {
        "translation_type": "category",
        "data": "{\"sample\":{\"label\":{\"en\":\"Category 0\",\"es\":\"Categoría 0\"}}}"
    },
    "model": "configuration.translation",
    "pk": 12905
},


{
    "fields": {
        "keyword": "key_1",
        "translation": 11001,
        "configuration": "{\"type\": \"char\", \"form_template\": \"inline_2\"}"
    },
    "model": "configuration.key",
    "pk": 11001
},
{
    "fields": {
        "keyword": "key_2",
        "translation": 11002,
        "configuration": "{\"type\": \"text\"}"
    },
    "model": "configuration.key",
    "pk": 11002
},
{
    "fields": {
        "keyword": "key_3",
        "translation": 11003,
        "configuration": "{\"type\": \"char\"}"
    },
    "model": "configuration.key",
    "pk": 11003
},
{
    "fields": {
        "keyword": "key_4",
        "translation": 11004,
        "configuration": "{\"type\": \"select_type\"}",
        "values": [11018, 11019, 11020, 11021]
    },
    "model": "configuration.key",
    "pk": 11004
},
{
    "fields": {
        "keyword": "key_5",
        "translation": 11005,
        "configuration": "{\"type\": \"text\"}"
    },
    "model": "configuration.key",
    "pk": 11005
},
{
    "fields": {
        "keyword": "key_6",
        "translation": 11006,
        "configuration": "{\"type\": \"text\"}"
    },
    "model": "configuration.key",
    "pk": 11006
},
{
    "fields": {
        "keyword": "key_7",
        "translation": 11007,
        "configuration": "{\"type\": \"char\"}"
    },
    "model": "configuration.key",
    "pk": 11007
},
{
    "fields": {
        "keyword": "key_8",
        "translation": 11008,
        "configuration": "{\"type\": \"char\"}"
    },
    "model": "configuration.key",
    "pk": 11008
},
{
    "fields": {
        "keyword": "key_9",
        "translation": 11009,
        "configuration": "{\"type\": \"char\"}"
    },
    "model": "configuration.key",
    "pk": 11009
},
{
    "fields": {
        "keyword": "key_10",
        "translation": 11010,
        "configuration": "{\"type\": \"char\"}"
    },
    "model": "configuration.key",
    "pk": 11010
},
{
    "fields": {
        "keyword": "key_11",
        "translation": 11011,
        "configuration": "{\"type\": \"bool\"}"
    },
    "model": "configuration.key",
    "pk": 11011
},
{
    "fields": {
        "keyword": "key_12",
        "translation": 11012,
        "configuration": "{\"type\": \"measure\"}",
        "values": [11001, 11002, 11003]
    },
    "model": "configuration.key",
    "pk": 11012
},
{
    "fields": {
        "keyword": "key_13",
        "translation": 11013,
        "configuration": "{\"type\": \"checkbox\"}",
        "values": [11004, 11005, 11006, 11007, 11008]
    },
    "model": "configuration.key",
    "pk": 11013
},
{
    "fields": {
        "keyword": "key_14",
        "translation": 11014,
        "configuration": "{\"type\": \"image_checkbox\"}",
        "values": [11009, 11010, 11011]
    },
    "model": "configuration.key",
    "pk": 11014
},
{
    "fields": {
        "keyword": "key_15",
        "translation": 11015,
        "configuration": "{\"type\": \"image_checkbox\"}",
        "values": [11012, 11013, 11014]
    },
    "model": "configuration.key",
    "pk": 11015
},
{
    "fields": {
        "keyword": "key_16",
        "translation": 11016,
        "configuration": "{\"type\": \"image_checkbox\"}",
        "values": [11015, 11016, 11017]
    },
    "model": "configuration.key",
    "pk": 11016
},
{
    "fields": {
        "keyword": "key_17",
        "translation": 11017,
        "configuration": "{\"type\": \"char\"}"
    },
    "model": "configuration.key",
    "pk": 11017
},
{
    "fields": {
        "keyword": "key_18",
        "translation": 11018,
        "configuration": "{\"type\": \"text\"}"
    },
    "model": "configuration.key",
    "pk": 11018
},
{
    "fields": {
        "keyword": "key_19",
        "translation": 11019,
        "configuration": "{\"type\": \"image\"}"
    },
    "model": "configuration.key",
    "pk": 11019
},
{
    "fields": {
        "keyword": "key_20",
        "translation": 11019,
        "configuration": "{\"type\": \"image\"}"
    },
    "model": "configuration.key",
    "pk": 11020
},
{
    "fields": {
        "keyword": "key_21",
        "translation": 11021,
        "configuration": "{\"type\": \"measure\"}",
        "values": [11001, 11002, 11003]
    },
    "model": "configuration.key",
    "pk": 11021
},
{
    "fields": {
        "keyword": "key_22",
        "translation": 11022,
        "configuration": "{\"type\": \"image_checkbox\"}",
        "values": [11015, 11016, 11017]
    },
    "model": "configuration.key",
    "pk": 11022
},
{
    "fields": {
        "keyword": "key_23",
        "translation": 11023,
        "configuration": "{\"type\": \"text\"}"
    },
    "model": "configuration.key",
    "pk": 11023
},


{
    "fields": {
        "keyword": "value_1",
        "translation": 11501
    },
    "model": "configuration.value",
    "pk": 11001
},
{
    "fields": {
        "keyword": "value_2",
        "translation": 11502
    },
    "model": "configuration.value",
    "pk": 11002
},
{
    "fields": {
        "keyword": "value_3",
        "translation": 11503
    },
    "model": "configuration.value",
    "pk": 11003
},
{
    "fields": {
        "keyword": "value_13_1",
        "translation": 11504
    },
    "model": "configuration.value",
    "pk": 11004
},
{
    "fields": {
        "keyword": "value_13_2",
        "translation": 11505
    },
    "model": "configuration.value",
    "pk": 11005
},
{
    "fields": {
        "keyword": "value_13_3",
        "translation": 11506
    },
    "model": "configuration.value",
    "pk": 11006
},
{
    "fields": {
        "keyword": "value_13_4",
        "translation": 11507
    },
    "model": "configuration.value",
    "pk": 11007
},
{
    "fields": {
        "keyword": "value_13_5",
        "translation": 11508
    },
    "model": "configuration.value",
    "pk": 11008
},
{
    "fields": {
        "keyword": "value_14_1",
        "translation": 11509,
        "configuration": "{\"image_name\":\"landuse_01.png\"}"
    },
    "model": "configuration.value",
    "pk": 11009
},
{
    "fields": {
        "keyword": "value_14_2",
        "translation": 11510,
        "configuration": "{\"image_name\":\"landuse_02.png\"}"
    },
    "model": "configuration.value",
    "pk": 11010
},
{
    "fields": {
        "keyword": "value_14_3",
        "translation": 11511,
        "configuration": "{\"image_name\":\"landuse_03.png\"}"
    },
    "model": "configuration.value",
    "pk": 11011
},
{
    "fields": {
        "keyword": "value_15_1",
        "translation": 11512,
        "configuration": "{\"image_name\":\"landuse_04.png\"}"
    },
    "model": "configuration.value",
    "pk": 11012
},
{
    "fields": {
        "keyword": "value_15_2",
        "translation": 11513,
        "configuration": "{\"image_name\":\"landuse_05.png\"}"
    },
    "model": "configuration.value",
    "pk": 11013
},
{
    "fields": {
        "keyword": "value_15_3",
        "translation": 11514,
        "configuration": "{\"image_name\":\"landuse_06.png\"}"
    },
    "model": "configuration.value",
    "pk": 11014
},
{
    "fields": {
        "keyword": "value_16_1",
        "translation": 11515,
        "configuration": "{\"image_name\":\"landuse_07.png\"}"
    },
    "model": "configuration.value",
    "pk": 11015
},
{
    "fields": {
        "keyword": "value_16_2",
        "translation": 11516,
        "configuration": "{\"image_name\":\"landuse_08.png\"}"
    },
    "model": "configuration.value",
    "pk": 11016
},
{
    "fields": {
        "keyword": "value_16_3",
        "translation": 11517,
        "configuration": "{\"image_name\":\"landuse_09.png\"}"
    },
    "model": "configuration.value",
    "pk": 11017
},
{
    "fields": {
        "keyword": "country_1",
        "translation": 11518
    },
    "model": "configuration.value",
    "pk": 11018
},
{
    "fields": {
        "keyword": "country_2",
        "translation": 11519
    },
    "model": "configuration.value",
    "pk": 11019
},
{
    "fields": {
        "keyword": "country_3",
        "translation": 11520
    },
    "model": "configuration.value",
    "pk": 11020
},
{
    "fields": {
        "keyword": "country_4",
        "translation": 11521
    },
    "model": "configuration.value",
    "pk": 11021
},


{
    "fields": {
        "keyword": "qg_1",
        "translation": null,
        "configuration": "{}"
    },
    "model": "configuration.questiongroup",
    "pk": 11001
},
{
    "fields": {
        "keyword": "qg_2",
        "translation": null,
        "configuration": "{}"
    },
    "model": "configuration.questiongroup",
    "pk": 11002
},
{
    "fields": {
        "keyword": "qg_3",
        "translation": null,
        "configuration": "{}"
    },
    "model": "configuration.questiongroup",
    "pk": 11003
},
{
    "fields": {
        "keyword": "qg_4",
        "translation": null,
        "configuration": "{\"max_num\":2}"
    },
    "model": "configuration.questiongroup",
    "pk": 11004
},
{
    "fields": {
        "keyword": "qg_5",
        "translation": 12201,
        "configuration": "{}"
    },
    "model": "configuration.questiongroup",
    "pk": 11005
},
{
    "fields": {
        "keyword": "qg_6",
        "translation": null,
        "configuration": "{\"max_num\":3}"
    },
    "model": "configuration.questiongroup",
    "pk": 11006
},
{
    "fields": {
        "keyword": "qg_7",
        "translation": null,
        "configuration": "{\"min_num\":2}"
    },
    "model": "configuration.questiongroup",
    "pk": 11007
},
{
    "fields": {
        "keyword": "qg_8",
        "translation": null,
        "configuration": "{}"
    },
    "model": "configuration.questiongroup",
    "pk": 11008
},
{
    "fields": {
        "keyword": "qg_9",
        "translation": null,
        "configuration": "{}"
    },
    "model": "configuration.questiongroup",
    "pk": 11009
},
{
    "fields": {
        "keyword": "qg_10",
        "translation": null,
        "configuration": "{}"
    },
    "model": "configuration.questiongroup",
    "pk": 11010
},
{
    "fields": {
        "keyword": "qg_11",
        "translation": null,
        "configuration": "{}"
    },
    "model": "configuration.questiongroup",
    "pk": 11011
},
{
    "fields": {
        "keyword": "qg_12",
        "translation": null,
        "configuration": "{}"
    },
    "model": "configuration.questiongroup",
    "pk": 11012
},
{
    "fields": {
        "keyword": "qg_13",
        "translation": null,
        "configuration": "{\"max_num\":3, \"min_num\":2}"
    },
    "model": "configuration.questiongroup",
    "pk": 11013
},
{
    "fields": {
        "keyword": "qg_14",
        "translation": null,
        "configuration": "{}"
    },
    "model": "configuration.questiongroup",
    "pk": 11014
},
{
    "fields": {
        "keyword": "qg_15",
        "translation": null,
        "configuration": "{}"
    },
    "model": "configuration.questiongroup",
    "pk": 11015
},
{
    "fields": {
        "keyword": "qg_16",
        "translation": null,
        "configuration": "{}"
    },
    "model": "configuration.questiongroup",
    "pk": 11016
},
{
    "fields": {
        "keyword": "qg_17",
        "translation": null,
        "configuration": "{}"
    },
    "model": "configuration.questiongroup",
    "pk": 11017
},


{
    "fields": {
        "keyword": "subcat_1_1",
        "translation": 12701
    },
    "model": "configuration.category",
    "pk": 11011
},
{
    "fields": {
        "keyword": "subcat_1_2",
        "translation": 12702
    },
    "model": "configuration.category",
    "pk": 11012
},
{
    "fields": {
        "keyword": "subcat_2_1",
        "translation": 12703
    },
    "model": "configuration.category",
    "pk": 11013
},
{
    "fields": {
        "keyword": "subcat_2_2",
        "translation": 12704
    },
    "model": "configuration.category",
    "pk": 11014
},
{
    "fields": {
        "keyword": "subcat_3_1",
        "translation": 12705
    },
    "model": "configuration.category",
    "pk": 11015
},
{
    "fields": {
        "keyword": "subcat_3_2",
        "translation": 12706
    },
    "model": "configuration.category",
    "pk": 11016
},
{
    "fields": {
        "keyword": "subcat_4_1",
        "translation": 12707
    },
    "model": "configuration.category",
    "pk": 11017
},
{
    "fields": {
        "keyword": "subcat_4_2",
        "translation": 12708
    },
    "model": "configuration.category",
    "pk": 11018
},
{
    "fields": {
        "keyword": "subcat_0_1",
        "translation": 12709
    },
    "model": "configuration.category",
    "pk": 11019
},


{
    "fields": {
        "keyword": "cat_1",
        "translation": 12901
    },
    "model": "configuration.category",
    "pk": 11701
},
{
    "fields": {
        "keyword": "cat_2",
        "translation": 12902
    },
    "model": "configuration.category",
    "pk": 11702
},
{
    "fields": {
        "keyword": "cat_3",
        "translation": 12903
    },
    "model": "configuration.category",
    "pk": 11703
},
{
    "fields": {
        "keyword": "cat_4",
        "translation": 12904
    },
    "model": "configuration.category",
    "pk": 11704
},
{
    "fields": {
        "keyword": "cat_0",
        "translation": 12905
    },
    "model": "configuration.category",
    "pk": 11705
},


{
    "pk": 11001,
    "fields": {
        "code": "sample_core",
        "description": "Description of Sample Core Configuration",
        "active": true,
        "activated": "2015-01-08T10:12:59.337Z",
        "data": "{\"categories\":[{\"keyword\":\"cat_0\",\"subcategories\":[{\"keyword\":\"subcat_0_1\",\"questiongroups\":[{\"keyword\":\"qg_14\",\"questions\":[{\"key\":\"key_19\",\"in_list\":true}]},{\"keyword\":\"qg_15\",\"questions\":[{\"key\":\"key_20\"}]}]}]},{\"keyword\":\"cat_1\",\"subcategories\":[{\"keyword\":\"subcat_1_1\",\"questiongroups\":[{\"questions\":[{\"key\":\"key_1\",\"in_list\":true},{\"key\":\"key_3\",\"form_template\":\"inline_2\"}],\"keyword\":\"qg_1\"},{\"questions\":[{\"key\":\"key_2\"},{\"key\":\"key_3\"}],\"keyword\":\"qg_2\"}]},{\"keyword\":\"subcat_1_2\",\"questiongroups\":[{\"questions\":[{\"key\":\"key_4\"},{\"key\":\"key_11\"}],\"keyword\":\"qg_3\"}]}]},{\"keyword\":\"cat_2\",\"subcategories\":[{\"keyword\":\"subcat_2_1\",\"questiongroups\":[{\"questions\":[{\"key\":\"key_5\",\"in_list\":true}],\"keyword\":\"qg_4\"},{\"questions\":[{\"key\":\"key_12\"}],\"keyword\":\"qg_9\"},{\"questions\":[{\"key\":\"key_13\"}],\"keyword\":\"qg_10\"}]}]},{\"keyword\":\"cat_3\",\"subcategories\":[{\"keyword\":\"subcat_3_1\",\"questiongroups\":[{\"questions\":[{\"key\":\"key_7\"}],\"keyword\":\"qg_5\"},{\"questions\":[{\"key\":\"key_8\"}],\"keyword\":\"qg_6\"},{\"questions\":[{\"key\":\"key_17\"},{\"key\":\"key_18\"}],\"keyword\":\"qg_13\"}]},{\"keyword\":\"subcat_3_2\",\"questiongroups\":[{\"questions\":[{\"key\":\"key_9\"}],\"keyword\":\"qg_7\"},{\"questions\":[{\"key\":\"key_10\"}],\"keyword\":\"qg_8\",\"max_num\":3,\"min_num\":2}]}]},{\"keyword\":\"cat_4\",\"subcategories\":[{\"keyword\":\"subcat_4_1\",\"questiongroups\":[{\"questions\":[{\"key\":\"key_14\"}],\"keyword\":\"qg_11\"},{\"questions\":[{\"key\":\"key_16\",\"conditional\":true},{\"key\":\"key_15\",\"conditions\":[\"value_15_1|True|key_16\"]}],\"keyword\":\"qg_12\"}]},{\"keyword\":\"subcat_4_2\",\"questiongroups\":[{\"keyword\":\"qg_16\",\"questions\":[{\"key\":\"key_21\",\"questiongroup_conditions\":[\">1|questiongroup_17\",\"<3|questiongroup_17\"]}]},{\"keyword\":\"qg_17\",\"questiongroup_condition\":\"questiongroup_17\",\"questions\":[{\"key\":\"key_22\"},{\"key\":\"key_23\"}]}]}]}]}",
        "created": "2015-01-08T10:12:59.337Z",
        "base_code": "",
        "name": "Sample Core Configuration"
    },
    "model": "configuration.configuration"
},
{
    "pk": 11002,
    "fields": {
        "code": "sample",
        "description": "Description of Sample Configuration",
        "active": true,
        "activated": "2015-01-08T10:12:59.337Z",
        "data": "{\"categories\": [{\"keyword\": \"cat_1\",\"subcategories\": [{\"keyword\": \"subcat_1_2\",\"questiongroups\": [{\"questions\": [{\"key\": \"key_6\"}],\"keyword\": \"qg_3\"}]}]}]}",
        "created": "2015-01-09T10:12:59.337Z",
        "base_code": "sample_core",
        "name": "Sample Configuration"
    },
    "model": "configuration.configuration"
}
]
